MWh;Flow;Middel vind;Middel temp;Sol i minutter;Dato
373686;11049,86;5,21;4,29;40;01/01/2020
388693;11408,08;6,13;4,42;0;02/01/2020
369654;10790,46;5,5;5,29;31;03/01/2020
383225;11260,85;6,38;3,29;240;04/01/2020
396924;11696,14;3,42;3,79;5;05/01/2020
368927;10838,81;4,67;5,83;0;06/01/2020
365760;10678,15;5,54;5,83;70;07/01/2020
353054;10340,4;5,92;6,5;46;08/01/2020
366814;10663,38;3,83;5,21;0;09/01/2020
369348;10740,52;3,42;4,04;17;10/01/2020
393587;11384,6;6,83;4,5;0;11/01/2020
342459;10056,95;4,25;6,38;0;12/01/2020
380597;11084,02;3,92;4,25;74;13/01/2020
357564;10391,62;7,67;6,96;60;14/01/2020
344338;10149,67;7,08;7,08;0;15/01/2020
367589;10828,92;5,17;5,75;136;16/01/2020
359675;10549,62;3,71;5,88;122;17/01/2020
360757;10525,77;5,04;4,29;50;18/01/2020
377291;11057,47;3,63;3,17;359;19/01/2020
382960;11190,07;4,5;5,29;40;20/01/2020
366783;10676,54;6,08;5,71;0;21/01/2020
1005231;10651,23;3,79;4,21;311;22/01/2020
366514;10714,74;4,17;5,21;0;23/01/2020
1240536,93;10393,56;4,38;5,75;2;24/01/2020
340646;10143,44;3,38;5,29;6;25/01/2020
361220;10716,83;4,04;3,92;1;26/01/2020
358323;10647,42;3,79;5,38;10;27/01/2020
357249;10558,61;4,38;4,17;6;28/01/2020
368482;10996,21;4,67;4,13;189;29/01/2020
357692;10656,03;6,75;6,38;0;30/01/2020
344571;10303,25;6,46;7,13;1;31/01/2020
321265;9686,59;8,17;7,25;18;01/02/2020
360596;10880,77;3,88;3,21;77;02/02/2020
370355;11057,62;3,71;4,29;26;03/02/2020
379796;11419,48;4,29;2,46;238;04/02/2020
414735;12568,61;3,75;2,21;270;05/02/2020
372366;11141,3;5,33;5,88;15;06/02/2020
362260;10891,3;2,46;4,17;0;07/02/2020
373840;10325,02;3,79;3,17;55;08/02/2020
361231;9915,54;10,38;6,33;0;09/02/2020
368858;10104,99;8,42;4,58;64;10/02/2020
385838;10699,18;7,33;3,21;80;11/02/2020
408866;11372,86;7,42;3,17;42;12/02/2020
396734;10911,92;3,42;2,54;128;13/02/2020
394207;10834,24;2,63;2,88;67;14/02/2020
361897;9993,87;6,5;6,42;0;15/02/2020
330720;9195,07;9,67;7,83;0;16/02/2020
388436;10851,93;9,58;6,04;35;17/02/2020
383656;10638,85;6,88;4,75;129;18/02/2020
373365;10429,33;4,42;3,96;209;19/02/2020
379325;10494,09;6,38;4,71;0;20/02/2020
384874;10700,73;7,5;4,96;80;21/02/2020
365036;10220,38;11,08;6;79;22/02/2020
384325;10735,76;6,88;4,04;16;23/02/2020
404080;11174,78;3,88;2,96;0;24/02/2020
409588;11277,47;8,88;3,13;13;25/02/2020
423705;11688,28;2,71;0,25;37;26/02/2020
402639;11596,52;1,92;1;258;27/02/2020
379753;10637,46;4,67;3,25;283;28/02/2020
361600;10088,83;5,5;4,46;86;29/02/2020
361753;10094,77;6,92;4,25;139;01/03/2020
375632;10365,84;2,79;3,5;153;02/03/2020
361162;9962,04;2,17;3,46;164;03/03/2020
380896;10561,62;2,58;2,33;312;04/03/2020
375409;10447,5;1,75;1,88;248;05/03/2020
394756;10866,92;4,83;2,08;56;06/03/2020
381646;10596,37;2,13;2,08;278;07/03/2020
357930;574952,82;6,75;6,38;0;08/03/2020
340577;9509,39;2,96;6,08;89;09/03/2020
353673;9706,23;5,79;5,67;0;10/03/2020
329446;9282,65;7,21;6,21;378;11/03/2020
350216;9761,62;9,75;5,17;175;12/03/2020
362476;10097,58;5,08;3,21;208;13/03/2020
363791;10320,11;3,17;1,46;571;14/03/2020
347244;9724,35;6,79;6,21;0;15/03/2020
327290;9266,86;4,04;6,29;107;16/03/2020
341911;9683,67;5,54;6,21;44;17/03/2020
329638;9364,86;5,92;7,04;1;18/03/2020
319909;9102,94;3,08;4,79;402;19/03/2020
313252;8910,49;3,17;3,71;565;20/03/2020
332727;9441,68;2,96;1,96;645;21/03/2020
346548;9787,38;3,17;1,75;490;22/03/2020
356994;10064,61;3,67;1,92;684;23/03/2020
340870;9601,17;4,08;3,25;587;24/03/2020
320851;9131,59;3,25;3,63;678;25/03/2020
303390;8741,08;2,21;3,42;641;26/03/2020
299067;8618,44;2,08;3,83;704;27/03/2020
282110;8202,18;4,08;4,5;552;28/03/2020
311702;8892,64;6,29;1,92;706;29/03/2020
307188;8791,29;3,88;3,63;533;30/03/2020
341632;9586,23;3,92;2,25;372;31/03/2020
318352;8943,35;7,13;5,42;71;01/04/2020
330770;9328,66;8,5;5;55;02/04/2020
339266;9667,31;5,96;3,13;367;03/04/2020
315481;9210,13;2,42;4,13;267;04/04/2020
264523;8257,13;4;8,04;719;05/04/2020
212739;6981,06;3,79;10,54;744;06/04/2020
195163;7031,84;2,96;8,54;745;07/04/2020
203986;7293,13;2,88;8,88;575;08/04/2020
210681;6889,97;4,71;6,33;634;09/04/2020
248532;7861,24;3,46;4,17;664;10/04/2020
274125;8810,98;1,88;5,38;47;11/04/2020
223302;7566,47;5,67;9;608;12/04/2020
269137;8706,24;6,67;3,83;600;13/04/2020
301656;8642,88;5,13;4,17;434;14/04/2020
258285;7794,15;6,79;7,33;459;15/04/2020
230531;7530,66;5,17;7,33;591;16/04/2020
233415;7918,82;1,96;6,17;773;17/04/2020
214623;7487,52;2,58;6,38;766;18/04/2020
210802;7256,48;3;6,92;783;19/04/2020
203325;7146,36;3;8,42;795;20/04/2020
183157;6759,96;4,25;9,42;806;21/04/2020
175026;6465,67;3,42;9,88;812;22/04/2020
159538;6041,6;1,96;10,96;799;23/04/2020
173331;6399,15;5,38;7,67;436;24/04/2020
182633;6472,48;3,13;8,04;577;25/04/2020
204559;7046,68;2,75;6,63;2;26/04/2020
254213;8280,59;1,67;6,25;3;27/04/2020
234694;7746,04;2;6,83;359;28/04/2020
237130;7811,89;4,21;6,92;2;29/04/2020
243818;7919,86;3,75;7,63;82;30/04/2020
246695;8055,9;2,33;7,38;81;01/05/2020
221451;7417,65;2,67;7,67;154;02/05/2020
221283;7542,12;4;7,42;361;03/05/2020
225931;7734,36;4,38;6,54;769;04/05/2020
208240;7221,73;2,67;7,21;693;05/05/2020
221217;7502,34;5,63;7,08;428;06/05/2020
204903;6865,18;4,58;8,75;475;07/05/2020
183858;6599,12;3,63;9,38;584;08/05/2020
149589;5746,14;0,88;11,71;531;09/05/2020
168205;6253,23;4,46;7,21;348;10/05/2020
222735;7578,17;4,63;5,54;659;11/05/2020
227439;7755,75;4,63;5,04;371;12/05/2020
227248;7764,59;2,63;5,17;590;13/05/2020
219269;7545,83;4,88;5,92;531;14/05/2020
379179;7417,36;6,33;8,08;271;15/05/2020
206020;7249,64;7,83;8,88;130;16/05/2020
203860;7221,59;6,88;9,63;199;17/05/2020
212655;7370,87;4,17;10,04;0;18/05/2020
190707;6659,77;4,79;10,46;614;19/05/2020
162601;5972,23;2;11,33;734;20/05/2020
127838;5024,87;1,29;13,63;662;21/05/2020
127661;4955,15;4;13,13;220;22/05/2020
139342;5158,07;5,13;11,67;353;23/05/2020
169845;5895,8;6,88;10,13;11;24/05/2020
173696;6073,75;4,38;11,63;477;25/05/2020
150459;5709,43;1,88;11,38;549;26/05/2020
139126;5444,98;4,63;11,42;519;27/05/2020
151259;5732,06;3,29;10,13;905;28/05/2020
142674;5546,55;1,5;10,67;902;29/05/2020
110785;4754,35;2,46;14,5;882;30/05/2020
100396;4543,12;2,63;14,08;795;31/05/2020
97519;4487,85;1,5;15,04;837;01/06/2020
89132;4266,4;1,58;16,33;826;02/06/2020
88387;4277,4;2,08;15,58;551;03/06/2020
107757;4679,92;3,21;12,13;12;04/06/2020
123234;5039,33;3,71;10,63;280;05/06/2020
136002;5287,07;4,54;9,33;280;06/06/2020
141931;5309,11;1,83;10,79;228;07/06/2020
152210;5570,06;2,13;10,17;405;08/06/2020
151726;5690,47;1,25;10,21;189;09/06/2020
136282;5396,29;1,83;13,83;161;10/06/2020
109800;4873,77;4,46;17,08;266;11/06/2020
819485;4650,94;5,04;16,04;6;12/06/2020
97633;4548,09;4,83;16,96;54;13/06/2020
90559;4428,81;5,08;16,88;905;14/06/2020
86442;4341,14;1,79;16,83;936;15/06/2020
78606;4182,86;1,46;17,92;904;16/06/2020
73862;4057,67;1,58;18,38;376;17/06/2020
71970;4085,07;1,79;18,25;482;18/06/2020
77511;4270,47;2,5;15,67;5;19/06/2020
80786;4280,54;4,04;15,79;210;20/06/2020
80663;4317,42;1,96;16,33;722;21/06/2020
80687;4228,51;3,67;15,54;707;22/06/2020
82212;4206,76;1,88;15,88;944;23/06/2020
73278;3858,15;1,38;18,79;859;24/06/2020
65829;3792,7;3,38;20,33;911;25/06/2020
60637;3681,2;3,21;21,46;883;26/06/2020
56160;3165,6;2,5;20,08;494;27/06/2020
62193;3462,92;3,71;16,04;233;28/06/2020
77507;4181,46;4,54;13,83;348;29/06/2020
89630;4485,44;6,04;13,29;81;30/06/2020
95941;4626,28;2,92;14,21;125;01/07/2020
93394;4555,91;3,13;13,58;548;02/07/2020
103466;4953,69;3,5;12,08;127;03/07/2020
103492;4763,84;5,04;14,67;0;04/07/2020
175756,56;4731,15;6,96;14,67;95;05/07/2020
119864;5223,45;7,17;12,08;374;06/07/2020
129210;5662,13;4,71;11,42;251;07/07/2020
132539;5820,54;4,25;11,17;339;08/07/2020
115760;5394,19;1,88;11,96;534;09/07/2020
120872;5631,41;3,38;10,79;282;10/07/2020
117824;5476,34;5,17;12,04;520;11/07/2020
116071;5421,51;4,21;12,83;239;12/07/2020
112611;5389,56;2,96;13,96;357;13/07/2020
105582;5165,82;2,67;13,58;131;14/07/2020
107373;5197,91;2,13;13,08;267;15/07/2020
97862;4952,66;1,79;13,96;434;16/07/2020
92367;4833,19;1,83;14,79;505;17/07/2020
77425;4614,87;2,29;17,33;201;18/07/2020
74429;4374,65;2,33;17;57;19/07/2020
89264;4716,8;3,92;13,5;481;20/07/2020
94727;4863,32;4,17;12,83;553;21/07/2020
95581;4896;3,38;12,21;513;22/07/2020
104649;5060,57;2,5;12,13;53;23/07/2020
98712;4842,76;4,5;14,33;291;24/07/2020
92756;4605,5;2,08;14,83;237;25/07/2020
86719;4515,4;4,17;15,75;157;26/07/2020
94475;4769,41;3,08;15,13;240;27/07/2020
95013;4756,48;5,29;14,67;214;28/07/2020
117758;5843,82;5,88;12,54;75;29/07/2020
120698;6171,88;5,17;13,38;312;30/07/2020
102013;4689,57;1,75;15,63;771;31/07/2020
77800;4116,81;3,75;18,13;551;01/08/2020
79602;4176,22;3,29;15,21;162;02/08/2020
3313293;4424,7;2,46;13,46;588;03/08/2020
97110;4579,56;2,42;12,96;653;04/08/2020
91292;4449,34;4;15,88;59;05/08/2020
80321;4182,67;2,25;19,83;428;06/08/2020
69782;3953,27;1,71;21,67;787;07/08/2020
57775;3381,68;1,13;21,83;632;08/08/2020
54254;3428,59;1,38;21,04;664;09/08/2020
58266;3611,06;2,21;21,67;761;10/08/2020
55331;3613,46;2,71;21,79;739;11/08/2020
56082;3573,92;3,58;20,38;786;12/08/2020
57554;3650,36;2,38;20,25;830;13/08/2020
56665;3643,94;1,63;19,08;814;14/08/2020
53067;3777,88;1,25;19,38;720;15/08/2020
50542;3953,73;2,54;21,79;725;16/08/2020
51762;3475,27;3,21;21,92;763;17/08/2020
54572;3555,37;1,38;17,88;268;18/08/2020
59644;3642,32;1,25;17,42;505;19/08/2020
61777;3761,89;2,08;17,83;63;20/08/2020
61720;3714,74;4,63;19,88;251;21/08/2020
61950;3720,09;4,5;17,38;293;22/08/2020
72128;3816,27;3,33;14,54;293;23/08/2020
87507;4085,37;1,96;13,25;250;24/08/2020
96143;4503,35;2,58;12,96;335;25/08/2020
86820;4263,98;3,17;15,42;59;26/08/2020
97323;4662,75;3,29;13,38;275;27/08/2020
109937;4910,2;2,79;13;14;28/08/2020
104025;4629,04;1,04;13,58;96;29/08/2020
101687;4683,21;2,25;13,54;392;30/08/2020
104810;4800,22;1,38;13,08;455;31/08/2020
111414;4959,67;1,67;12,29;649;01/09/2020
104033;4759,85;1,38;13,96;635;02/09/2020
111379;4924,06;3,08;12,75;150;03/09/2020
106949;4840,23;3,71;14,5;227;04/09/2020
113096;5000,81;3,25;11,92;315;05/09/2020
1090885;5273,5;2,79;10,58;412;06/09/2020
132704;5539,71;3,04;11,96;414;07/09/2020
109934;4966,42;4,67;15,5;277;08/09/2020
107132;4832,97;5,46;14,92;145;09/09/2020
125438;5355,16;3,29;11,25;411;10/09/2020
132493;5375,5;3,33;12,63;65;11/09/2020
121825;5097,02;4,21;13,5;84;12/09/2020
123246;5173,79;4,79;14,96;2;13/09/2020
108593;4852,14;2,42;16,29;594;14/09/2020
33651299;4594,6;1,04;16,67;589;15/09/2020
102502;4777,47;3,58;12,71;318;16/09/2020
136690;5604,47;1,38;9,21;670;17/09/2020
150782;5942,04;0,92;8,75;685;18/09/2020
149897;5843,98;0,38;9,42;280;19/09/2020
154466;5882,35;0,46;9,5;178;20/09/2020
153340;5924,52;0,83;10,71;369;21/09/2020
2240742;5740,39;1,29;11,25;536;22/09/2020
122594;5215,68;2,92;13,75;206;23/09/2020
124044;5239,99;5,21;13,46;302;24/09/2020
149420;5750,04;3,25;11,54;1;25/09/2020
152286;5765,19;3,67;12,13;11;26/09/2020
125837;5186,52;5,42;16,17;235;27/09/2020
128934;5278,72;2,96;14,04;25;28/09/2020
148231;5676,25;2,42;12,79;28;29/09/2020
144628;5605,46;2,33;13,13;65;30/09/2020
147988,78;5701,95;5;13,67;136;01/10/2020
143663,56;5566,41;5,33;13,88;36;02/10/2020
138836,41;5381,11;8,17;14,71;40;03/10/2020
132419,69;5281,71;3,38;12,38;281;04/10/2020
162000,96;6033,12;3,25;10,79;258;05/10/2020
177853,97;6348,88;2,79;10,38;50;06/10/2020
173466,55;6130,55;2,21;11,08;143;07/10/2020
198291,88;6601,34;2,79;9,67;7;08/10/2020
220340,77;7256,82;2,58;8,54;130;09/10/2020
214772,64;7145,79;2,88;7,58;175;10/10/2020
217044,69;7299,99;1,63;6,83;288;11/10/2020
248231,42;8122,16;1,13;6,88;53;12/10/2020
221952,73;7473,48;1,63;8,25;336;13/10/2020
239141,89;7952,11;4,54;7,13;279;14/10/2020
252246,72;8246,13;3;6,75;130;15/10/2020
254775;8331,81;1,67;6,29;360;16/10/2020
235346,86;7858,53;2,83;8;418;17/10/2020
222778,27;7533,43;3,5;6,58;400;18/10/2020
270293,21;8651,48;1,63;5,96;266;19/10/2020
264763,03;8312,01;3,58;8,42;2;20/10/2020
300826,33;7343,5;4,25;12,17;1;21/10/2020
207470,93;6830,98;6,75;12,25;92;22/10/2020
220683,64;7017,64;3,33;10,42;115;23/10/2020
204154,01;6570;3,79;10,71;251;24/10/2020
214409,12;6900,87;4,63;11,29;0;25/10/2020
240217,38;7435,88;3,38;8,96;23;26/10/2020
259971,26;8039,61;4,71;8,29;129;27/10/2020
259595,66;8095,25;4,17;8,75;234;28/10/2020
253195,1;7929,63;2,42;8,17;330;29/10/2020
242485,64;7645,98;2,79;10,5;0;30/10/2020
215913,53;6993,87;2,54;10,71;103;31/10/2020
217901,6;6990,54;4,71;10,92;98;01/11/2020
207120,15;6852,9;8,75;13,29;0;02/11/2020
247977,43;8038,74;5,04;8,79;287;03/11/2020
273150,63;8608,39;4,71;7,5;303;04/11/2020
272887;8400,19;5,54;9,58;0;05/11/2020
230110,05;7363,04;3,25;10,96;229;06/11/2020
238392,62;7509,28;1,29;6,92;74;07/11/2020
279266,02;8636,91;1,5;5,17;425;08/11/2020
297575,26;9091,82;3,38;6,21;2;09/11/2020
312135,46;9436,55;3;5,63;0;10/11/2020
326863,09;9883,41;2,13;4,54;0;11/11/2020
304839,65;9308,84;3,46;7,17;0;12/11/2020
295299,37;9037,96;2,63;7,33;125;13/11/2020
280820,22;8666,3;2,42;7,33;140;14/11/2020
234339,04;7474,14;4,46;10,96;174;15/11/2020
264470;8138,8;4,29;8,83;94;16/11/2020
267187;8187,9;5,33;10,25;0;17/11/2020
258800;7980,86;7,08;10,88;0;18/11/2020
307319;9294,06;7,04;5,63;146;19/11/2020
359398;10950,04;2,46;2,75;252;20/11/2020
310704;9415,19;6,79;8,04;0;21/11/2020
301766;9281,08;5,46;7,04;233;22/11/2020
323097;9778,65;4,13;6,33;240;23/11/2020
299100;9091,06;5,17;8,83;0;24/11/2020
311354;9395,62;3,38;6,46;11;25/11/2020
295083;9033,01;2,58;6,04;284;26/11/2020
360479;10803,61;0,25;1,63;200;27/11/2020
389356;11706;1,96;0,29;35;28/11/2020
392735;11829,63;1,04;0,25;0;29/11/2020
413281;12311,54;3,21;0,92;0;30/11/2020
386094;11543,82;1,58;3,29;8;01/12/2020
373560;11132,33;1,58;2,92;1;02/12/2020
403007;11976,97;4,83;1,17;2;03/12/2020
412276;12287,67;5,25;1,71;0;04/12/2020
378409;11385,63;3,71;3,04;1;05/12/2020
371344;11230,76;3;3,75;0;06/12/2020
354912;10687;5,13;5,5;0;07/12/2020
363878;10880,48;2,08;4,13;60;08/12/2020
372783;11201,95;2,38;3,38;0;09/12/2020
381217;11437,29;2,54;2,54;0;10/12/2020
408042;12195,01;5,08;1,46;0;11/12/2020
389502;11646,73;4,38;2,5;0;12/12/2020
385925;11626,15;3,67;2,63;6;13/12/2020
380704;11535,46;4,63;5,63;0;14/12/2020
334147;10388,13;2,46;7;0;15/12/2020
341498;10363,48;2,67;5,96;27;16/12/2020
336846;10281,87;3,96;6,71;2;17/12/2020
338686;10502,16;4,5;6,5;8;18/12/2020
327336;10289,74;3,54;5;301;19/12/2020
310498;9868,93;3,71;7,38;4;20/12/2020
331848;10434,65;4,08;5,75;89;21/12/2020
329009;10213,27;4,5;6,21;10;22/12/2020
366179;10961,6;0,83;2,38;3;23/12/2020
405706;11955,27;2,88;0,71;112;24/12/2020
433432;13113,28;1,25;-1,38;336;25/12/2020
409927;12215,17;4,83;3,08;0;26/12/2020
401230;11760,42;8,38;2,96;0;27/12/2020
401836;11727,59;2,92;2,13;0;28/12/2020
398249;11649,98;1,58;1,33;0;29/12/2020
388156;11430,5;1,5;2,71;0;30/12/2020
393859;11980,38;1,5;1,42;15;31/12/2020
403789;11811,96;0,67;0,21;34;01/01/2021
432945;12705,21;1;-0,92;14;02/01/2021
440531;12962,49;3,92;0,54;10;03/01/2021
468659;13832,28;4,5;0;0;04/01/2021
460847;13704,74;3,88;0,33;1;05/01/2021
465996;18930,2;3,79;0;0;06/01/2021
452695;13735,03;2,75;0;0;07/01/2021
453398;13663,93;2,75;0;52;08/01/2021
440507;13275,25;1,33;0,17;20;09/01/2021
428448;12901,95;2,67;1,04;4;10/01/2021
409233;12337,46;6,29;4,42;2;11/01/2021
421470;12954,31;3,71;0,71;124;12/01/2021
445509;13496,36;6,21;0,58;105;13/01/2021
483337;14562,21;3,5;-0,63;0;14/01/2021
489410;14481,36;1,5;-1,83;0;15/01/2021
474999;14038,26;1,58;-1,96;55;16/01/2021
465753;13809,78;2,17;-0,54;67;17/01/2021
456393;13512,49;2,5;1;5;18/01/2021
418965;12347,28;2,17;2,88;14;19/01/2021
388975;11447,72;7;5,88;0;20/01/2021
385985;11394,63;8,75;5,46;74;21/01/2021
398674;11815,22;6,63;4;125;22/01/2021
407771;12053,47;2,79;1,71;20;23/01/2021
399478;11888,76;0,79;0,63;111;24/01/2021
449366;13342,12;0,83;-0,92;171;25/01/2021
448094;13422,31;1,25;-0,67;377;26/01/2021
437059;12947,89;2,46;0,83;1;27/01/2021
461018;13510,09;1,04;-2,08;226;28/01/2021
480490;13920,59;3,46;-1,58;18;29/01/2021
456235;13107,48;1,88;-2,21;333;30/01/2021
434767;12483,27;1,79;-1,04;274;31/01/2021
461461;13272,61;1,46;-2,92;300;01/02/2021
506511;14115,11;1;-3,67;41;02/02/2021
503240;13767,01;6,25;-1,17;1;03/02/2021
519814;14270,98;4,88;-3,13;208;04/02/2021
545264;14866,22;6,54;-3,04;132;05/02/2021
535458;14783,49;6,54;-4,04;403;06/02/2021
557120;15306,01;8,17;-3;39;07/02/2021
563316;15494,21;7,38;-2,88;95;08/02/2021
564630;15488,76;4,96;-4,04;49;09/02/2021
552160;15003,56;2,92;-6,04;375;10/02/2021
573142;15482,96;3,25;-7,17;399;11/02/2021
580225;15868,94;1,29;-9;483;12/02/2021
554439;15014,3;0,08;-8,67;471;13/02/2021
545352;14741,57;2,25;-5,67;476;14/02/2021
525414;13999,95;3,96;-0,96;15;15/02/2021
486559;12999,39;2,96;0,08;0;16/02/2021
430615;11724,41;1,83;2,13;0;17/02/2021
392242;10668,3;3,71;4,04;84;18/02/2021
378991;10401,04;3,54;3,58;314;19/02/2021
344130;9612,86;3,17;6,38;108;20/02/2021
319484;9110,42;1,88;6,46;300;21/02/2021
341231;9464,79;2,92;6,5;366;22/02/2021
341492;9390,93;2,71;6,67;0;23/02/2021
315055;8794,77;6,38;10,08;73;24/02/2021
314914;9043,49;4,83;6,96;164;25/02/2021
342237;9766,6;5,21;4,58;276;26/02/2021
300469;8859,17;3,83;5,46;390;27/02/2021
333564;9872,87;3,83;3,71;140;28/02/2021
342240;9822,01;3,13;3,75;381;01/03/2021
365961;10375,86;1;1;242;02/03/2021
364675;10400,33;2,04;1,29;167;03/03/2021
347774;9970,68;3,42;1,5;399;04/03/2021
389595;11089,6;1,17;-0,5;572;05/03/2021
382721;10670,32;6;2,33;194;06/03/2021
374000;10517,75;4,83;2,04;276;07/03/2021
410097;11535,62;1,33;-0,79;557;08/03/2021
391251;11071,91;1,75;0,08;594;09/03/2021
420172;11702,13;4,83;0,88;45;10/03/2021
387484;10874,93;8,17;4,71;0;11/03/2021
385029;10811,89;6,13;3,75;18;12/03/2021
374806;10530,41;3,42;2,54;14;13/03/2021
366368;10430,79;5,29;3,58;193;14/03/2021
384056;10983,09;5,08;3,33;133;15/03/2021
362615;10472,95;2,83;2,33;421;16/03/2021
366380;10608,1;1,67;2,17;309;17/03/2021
360578;10574,33;1,75;1,92;428;18/03/2021
383529;11082,29;2,46;0,29;388;19/03/2021
391603;11046,78;5,67;2,83;10;20/03/2021
344781;10079,84;5,67;4;504;21/03/2021
366605;10516,59;4,33;4,04;41;22/03/2021
361526;10546,57;4,13;4,58;1;23/03/2021
340916;10251,06;4,38;6;43;24/03/2021
335049;10298,33;3,33;5,04;209;25/03/2021
325842;9937,71;3,79;6,96;20;26/03/2021
303969;9323,96;4,46;4,83;223;27/03/2021
327994;9706,25;6;5,63;3;28/03/2021
327752;9817,36;6,63;7,88;5;29/03/2021
265781;8404,78;4,25;8,58;641;30/03/2021
236748;7849,66;2,42;8,88;600;31/03/2021
240879;7932,14;4,04;6,17;389;01/04/2021
271604;8507,11;4,67;5,13;505;02/04/2021
276719;8799,62;1,54;4,04;688;03/04/2021
294698;9180,62;6,83;4,96;4;04/04/2021
354813;10094,04;8,21;1,58;332;05/04/2021
369760;10488,52;7,13;2,17;360;06/04/2021
355051;10132,46;6,5;3,13;263;07/04/2021
384497;10855,15;6,54;3,21;105;08/04/2021
329503;9573,72;7,54;4,17;344;09/04/2021
322122;9504,24;3,21;3;547;10/04/2021
355889;10316,89;4,33;1,13;9;11/04/2021
358312;10278,29;4,96;2,58;410;12/04/2021
338497;9661,19;5,5;3,67;395;13/04/2021
326192;9295,95;2,17;3,33;435;14/04/2021
325813;9379,82;2,21;4;523;15/04/2021
293691;8732,28;2,54;5,29;588;16/04/2021
264294;7984,51;3;7,08;461;17/04/2021
219105;6934;2,46;9,25;613;18/04/2021
200710;6476,93;2,58;10,21;792;19/04/2021
187487;6220,04;2,13;9,21;787;20/04/2021
218393;6913,09;7,79;6,08;386;21/04/2021
262820;7908,27;7,21;5,83;548;22/04/2021
253049;7742,06;4,88;5,63;588;23/04/2021
241851;7498,31;3,54;4,54;743;24/04/2021
252897;7784,57;2,42;3,63;641;25/04/2021
265016;7986,29;1,04;3,63;525;26/04/2021
258305;7833,39;1,79;4,58;700;27/04/2021
246765;7542,55;3,42;6,29;446;28/04/2021
264003;7870,69;4,67;7,04;106;29/04/2021
272534;8017,29;2,17;5,92;21;30/04/2021
234439;7097,75;2,79;7,42;194;01/05/2021
245910;7381,66;2,63;6,63;60;02/05/2021
262166;7784,7;4,08;6,21;427;03/05/2021
268769;8034,9;4,96;6,08;10;04/05/2021
269197;8249,62;4;5,83;51;05/05/2021
282510;8810,85;3,79;4,5;114;06/05/2021
277055;8708,49;3,33;4,71;277;07/05/2021
248736;7967,74;4,13;7,21;469;08/05/2021
188313;6565,57;4,63;13,75;426;09/05/2021
156469;5889,78;3,42;13,63;287;10/05/2021
179293;6378,7;2,54;11,04;44;11/05/2021
196992;6550,52;3,29;10,13;7;12/05/2021
208839;6511,14;2,63;9,42;6;13/05/2021
215793;6609,35;2,83;8,96;20;14/05/2021
235025;7463,09;2,75;7,13;24;15/05/2021
225381;6880,02;2;9,08;99;16/05/2021
215589;17222,01;2,33;9,42;214;17/05/2021
212924;9480,46;2,42;8,71;154;18/05/2021
216725;7263,58;3,13;8,13;363;19/05/2021
207773;6622,54;4,46;8,71;386;20/05/2021
199891;6480,85;4,33;9,25;99;21/05/2021
214197;6614,85;4,88;9,04;6;22/05/2021
223908;6904,87;6,13;8,42;262;23/05/2021
220680;6815,6;2,88;9,92;9;24/05/2021
214477;6688,18;1,88;9,75;24;25/05/2021
221114;6848,66;2,96;9,08;2;26/05/2021
209015;6583,09;3,63;9,96;231;27/05/2021
202385;6449,28;3,42;9,21;187;28/05/2021
179773;5948,2;2,71;11,54;627;29/05/2021
143985;5181,61;1,42;12,58;830;30/05/2021
135094;5005,14;2,46;12,63;819;31/05/2021
127549;4836,22;1,79;12,79;488;01/06/2021
124363;4692,33;4,04;13,33;419;02/06/2021
112395,01;4383,34;5,5;16,5;320;03/06/2021
99639;4070,46;3,29;16,5;718;04/06/2021
87433;3840,64;3,13;17,46;471;05/06/2021
882673;4330,74;1,33;14,83;42;06/06/2021
107778;4581,8;2,08;14,54;468;07/06/2021
102829;4554,22;2,75;14,46;762;08/06/2021
95140;4312,79;2,17;14,79;751;09/06/2021
88273;4126,51;2,13;16,29;783;10/06/2021
84914;4306,96;3,38;16,21;126;11/06/2021
96066,05;4393,94;5,96;13,33;340;12/06/2021
104397,02;4675,99;5,63;14;665;13/06/2021
96674;4321,27;4,38;14,46;301;14/06/2021
107975,01;4429,75;2,71;12,63;716;15/06/2021
100137;4221,74;1,92;14,67;908;16/06/2021
77294;3651,95;3,79;21,67;737;17/06/2021
70578;3559,04;2,63;18,42;356;18/06/2021
69352;3509,89;3,33;17,38;364;19/06/2021
85100,02;3886,56;4,17;14,08;48;20/06/2021
106231,03;4365,23;3,13;12,21;6;21/06/2021
216838,16;4694,32;3,92;13,25;139;22/06/2021
117730,15;4560,5;2,71;13,33;223;23/06/2021
2205896,06;4455,43;2,04;13,29;612;24/06/2021
101096,02;4270,61;1,83;13,79;363;25/06/2021
83747,82;3956,93;2;15,88;305;26/06/2021
90280,02;4014,18;3,04;14,21;346;27/06/2021
93043,03;4091,83;1,71;15,54;943;28/06/2021
89065,04;4091,6;2,38;14,83;203;29/06/2021
87831,12;4065,98;2,17;15,67;76;30/06/2021
91152,05;3988,27;2,88;16,96;409;01/07/2021
84970,01;4067,49;2,71;15,08;243;02/07/2021
86559,03;4120,8;2,13;15,75;5;03/07/2021
146953,01;322430,13;1,17;17,67;505;04/07/2021
78723,01;3878,39;2,46;15,79;247;05/07/2021
85679,03;4164,38;3,5;16,46;167;06/07/2021
83186,01;4062,59;3,67;16,75;547;07/07/2021
78243;3935,61;1,54;17,33;651;08/07/2021
73898;3483,25;1,92;16,75;258;09/07/2021
79011;3786,73;3,92;15,13;158;10/07/2021
78300;3923,1;1,17;16,42;535;11/07/2021
70631;3771,83;4,17;20,04;506;12/07/2021
62601;3576,06;2,88;20,92;457;13/07/2021
58471;3463,21;1,83;22,54;707;14/07/2021
56748;3423,95;3,42;19,92;760;15/07/2021
57646;3611,87;2,79;20,71;890;16/07/2021
55990;3506,36;4,83;18,42;924;17/07/2021
63675,01;3694,28;5,71;15,63;312;18/07/2021
71474,01;3911,42;4,29;15,21;604;19/07/2021
74675,01;3989,87;4,88;15,25;124;20/07/2021
78912,01;4062,87;3,33;14,75;193;21/07/2021
78124,01;4001,36;3,08;15,38;259;22/07/2021
171526,01;3962,65;1,5;15,96;252;23/07/2021
70642,01;3833,95;2,88;18,46;600;24/07/2021
61915,01;3592,21;5,29;20;212;25/07/2021
61454,01;3519,61;1,92;19,42;87;26/07/2021
63407,01;3558,26;2,08;17,83;298;27/07/2021
69566;3695,55;3,54;16,67;139;28/07/2021
79548,01;3966,84;5,21;14,33;221;29/07/2021
80288,01;3976,45;5,33;16,29;219;30/07/2021
79775;3938,29;3,08;15,04;98;31/07/2021
85731,01;4127,56;4,33;14,58;328;01/08/2021
89536,02;4190,24;4,04;14,88;299;02/08/2021
92602,01;4292,41;2,54;13,67;129;03/08/2021
94513,01;4318,4;0,92;13,75;273;04/08/2021
95537,02;4338,4;2,71;14,83;199;05/08/2021
84509,01;4138,92;5,42;17;303;06/08/2021
76513,02;3991,62;2,96;16,08;381;07/08/2021
80810,01;4077,47;3,33;15,04;204;08/08/2021
85586,01;4188,72;3,58;15,67;296;09/08/2021
86376,01;4115,64;1,88;14,42;235;10/08/2021
87869;4013,36;2,25;15;491;11/08/2021
78262,03;10508,21;2,46;17,46;436;12/08/2021
76991,01;3499,83;4;16,42;254;13/08/2021
79348,04;3787,6;5;15,92;238;14/08/2021
83089,04;4154,26;3,33;14,71;289;15/08/2021
100708,01;4581,73;2,88;12,33;133;16/08/2021
103288,02;4637,48;6,17;14,96;309;17/08/2021
110871,01;4795,58;5,92;13,71;34;18/08/2021
114764,03;4893;4,83;13,92;258;19/08/2021
112839,02;4863,48;2,54;13,29;243;20/08/2021
108121,02;4690,16;1,21;12,83;473;21/08/2021
99033,29;4562,63;2,5;13,96;390;22/08/2021
100186,02;4593,62;1,54;14,75;698;23/08/2021
94266,03;4422,97;1,75;14,29;691;24/08/2021
98649,03;4398,73;5,17;14,25;137;25/08/2021
112953,01;4773,49;4,63;13,79;180;26/08/2021
116297,02;4750,05;5,13;14,54;55;27/08/2021
109378,11;4293,27;4;14,5;54;28/08/2021
102885,27;4390,06;3,42;15,71;186;29/08/2021
97571,02;4210,35;2,5;15,38;650;30/08/2021
96569,03;4509,03;1,5;14,63;648;31/08/2021
95930,03;4497,09;2,54;14,38;556;01/09/2021
93112,01;4423,71;2,21;14,88;358;02/09/2021
94311,02;4403,09;4,63;14,25;575;03/09/2021
91846;4344,68;2,67;13,54;690;04/09/2021
97697;4550,93;2,33;12,83;640;05/09/2021
107574;4788,9;1,04;12,54;128;06/09/2021
107222;4754,76;1,42;14,63;113;07/09/2021
88431;4277,3;1,58;17,25;618;08/09/2021
79780;4101,73;2,04;17,54;693;09/09/2021
79309;4052,82;1,71;16,71;43;10/09/2021
75282;3944,55;2,75;17,42;71;11/09/2021
81112;4136,24;4,58;15,83;231;12/09/2021
102091;4552,04;3,04;14,38;106;13/09/2021
100245;4526,37;1,13;14,33;173;14/09/2021
204034;4820,29;3,5;14,08;0;15/09/2021
108934;4659,26;2,88;14,42;40;16/09/2021
139258;5373,18;3,63;11,83;3;17/09/2021
4805;198,98;2,46;13,42;0;18/09/2021
143008;5403,89;2,83;11,17;56;19/09/2021
170974;6160,2;1,08;10,29;70;20/09/2021
166973;6004,38;3;11,83;121;21/09/2021
145030;5493,4;3,83;13,79;465;22/09/2021
138725;5158,93;8,17;13,46;98;23/09/2021
159805;5671,83;5,17;13,33;27;24/09/2021
130322;5085,51;2,46;13,04;405;25/09/2021
136197;5209,66;2,5;14;135;26/09/2021
129923;4883,57;3;15,21;15;27/09/2021
384027,66;5226,7;1,88;12,08;436;28/09/2021
146124;5606,97;3,17;12,13;90;29/09/2021
174130;6230,62;4,13;10,42;91;30/09/2021
188887;6657,2;6;11,75;2;01/10/2021
6466;250,05;3,08;12,46;63;02/10/2021
156701;5750,81;4,04;12,92;0;03/10/2021
185040;6697,24;3,92;11,88;113;04/10/2021
188998;7188,34;3,08;10,92;173;05/10/2021
177265;6470,73;1,96;10,92;267;06/10/2021
204221,39;6673,21;1,33;9,08;493;07/10/2021
194149;6836,99;1,71;9;397;08/10/2021
182984;6344,62;1,83;9,42;247;09/10/2021
211066;6956,79;2,21;8,38;215;10/10/2021
207308;6776,4;4,17;8,75;292;11/10/2021
236574;7517,38;1,79;5,79;459;12/10/2021
259434;8110,99;2,33;6,92;209;13/10/2021
220721;7044,18;4,88;11;80;14/10/2021
218664;7122,26;5,96;9,33;373;15/10/2021
229789;7301,09;3,46;7,92;156;16/10/2021
231181;7339,96;1,46;8,21;39;17/10/2021
225229;7163,3;2,13;10;0;18/10/2021
306462;7056,02;4;12,04;0;19/10/2021
182803;6144,45;4,92;13,04;9;20/10/2021
2330171;7251,75;5,29;7,5;143;21/10/2021
280055;8352,06;6;6,54;205;22/10/2021
409622;8337,51;3,21;7,04;255;23/10/2021
252179;7734,65;3,46;8,38;249;24/10/2021
808920;8245,42;3,21;8,13;33;25/10/2021
239121;7452,34;2,75;9,83;205;26/10/2021
215224;6903,57;6,92;13,25;0;27/10/2021
205691;6713,27;4,38;11,67;292;28/10/2021
221767;7013,26;3,63;10,08;363;29/10/2021
215959;6859,83;3,38;10,46;64;30/10/2021
234272;7336,02;3,83;10,13;111;31/10/2021
235730;7315,7;5,25;9,75;90;01/11/2021
261469;7925,95;2;6,75;217;02/11/2021
288578;8603,69;1,04;4,29;242;03/11/2021
326772;9644,29;1,83;4;12;04/11/2021
303417;9033,37;4,13;7,08;198;05/11/2021
267563;8144,01;5;9,54;2;06/11/2021
60263;1838,95;3,92;7,54;80;07/11/2021
292962;8853,57;1,71;6,38;46;08/11/2021
288498;8555,35;5,04;8,83;0;09/11/2021
254172;7889,69;2,88;9,71;6;10/11/2021
266161;8145,57;2,5;8,25;61;11/11/2021
285124;8544,32;3,04;7,13;0;12/11/2021
288899;8666,76;2,88;6,58;0;13/11/2021
289053;8706,33;2,92;7,29;0;14/11/2021
307096;9131,9;1,54;6,33;0;15/11/2021
324988;9662,09;1,71;4,38;0;16/11/2021
322650;9541,27;3,46;5,63;96;17/11/2021
300315;8982,26;5,58;9,38;0;18/11/2021
259299;7965,24;6,63;10,75;93;19/11/2021
256456;7791,39;6,08;9,54;1;20/11/2021
304672;9050,03;3;3,79;177;21/11/2021
366044;10833,58;2,21;3,17;296;22/11/2021
318369;9440,34;4,29;6,33;245;23/11/2021
317625;9418,68;3,46;6,67;51;24/11/2021
314168;9339,77;3,71;4,92;196;25/11/2021
363192;10603,63;3,46;2;83;26/11/2021
354097;10429,91;3,83;2,08;109;27/11/2021
367717;10800,26;1,54;1,25;2;28/11/2021
339691;9866,07;2,79;0,13;312;29/11/2021
334880;9656,22;5,67;2,13;200;30/11/2021
342361;9831,06;6,5;1,83;0;01/12/2021
435650;13120,08;4,04;0,04;275;02/12/2021
428514;12653,08;3,21;1,75;0;03/12/2021
405659;11813,7;3,08;1,58;5;04/12/2021
423862;12298,69;6,92;0,96;0;05/12/2021
472608;13555,56;4,25;-0,08;41;06/12/2021
459495;12960,52;5,46;0,92;5;07/12/2021
451995;12809,75;5,96;1,42;0;08/12/2021
440297;12475,47;3,71;0,88;2;09/12/2021
430567;12185,13;2,13;1,38;0;10/12/2021
419931;12040,8;1,46;0,42;131;11/12/2021
402113;11524,26;2,92;4,21;0;12/12/2021
355428;10318,54;3;7,42;0;13/12/2021
360607;10455,2;2,83;5,08;145;14/12/2021
343673;10265,34;5,13;7,75;40;15/12/2021
344044;10094,5;3,33;5,46;344;16/12/2021
349916;10146,48;3,96;6,21;2;17/12/2021
321847,45;9681,76;6,08;6,58;217;18/12/2021
337634,05;10084,59;5,13;4,29;262;19/12/2021
437803,24;12749,35;0,96;-1,38;338;20/12/2021
478752,05;13982,19;0,96;-1,63;98;21/12/2021
447447,04;13551,17;1,42;1,08;131;22/12/2021
455340,05;13580,04;1,71;-0,88;0;23/12/2021
476379,06;14521,16;2,42;-4,5;134;24/12/2021
536907,15;16513,62;0,38;-7,79;331;25/12/2021
539309,16;16213,82;0,88;-7,13;331;26/12/2021
556147,1;16547,38;4,92;-2,58;150;27/12/2021
487203,04;14466,85;3,96;0;0;28/12/2021
455453,04;13442,15;1,75;0,79;0;29/12/2021
390227,02;11834,59;4,67;7;4;30/12/2021
341224,09;10644,06;3,96;7,88;0;31/12/2021
316680,13;10011,19;3,96;8,17;0;01/01/2022
752053,17;9803,98;3,88;7,58;0;02/01/2022
474479,03;10410,29;6,29;6,63;4;03/01/2022
0,08;87,44;3,08;2,5;134;04/01/2022
410264,06;12286,98;3,92;1,54;83;05/01/2022
457391,05;13820,62;1,75;-0,71;333;06/01/2022
437492,68;13037,58;4,29;1,79;61;07/01/2022
415165,44;12453,57;3,71;1,67;146;08/01/2022
432521,31;12975,99;3,17;0,33;0;09/01/2022
451803,54;13803,85;2,46;1,17;26;10/01/2022
443343,15;13555,41;2,92;2,04;22;11/01/2022
421270,1;12910,78;3,58;3,83;31;12/01/2022
376836,12;11592,18;6,75;6,33;8;13/01/2022
369313,04;11553,68;6,13;4,5;288;14/01/2022
403369,08;12415,97;2,17;1,92;116;15/01/2022
382247,1;11813,48;6,13;4,46;5;16/01/2022
401057,03;12296,82;7,33;4,04;355;17/01/2022
388304,06;11875,42;4,54;4,71;113;18/01/2022
398847,05;12080,56;7,71;4,13;0;19/01/2022
459346,06;13989,25;6,96;-0,04;295;20/01/2022
451785,03;13732,3;3,67;2,17;130;21/01/2022
0,03;25,52;3,75;5,46;26;22/01/2022
358743,04;11097,91;3,54;5,58;2;23/01/2022
387458,04;11821,81;4,38;4,38;0;24/01/2022
370837,07;11344,94;4,25;5,38;35;25/01/2022
380931,07;11542,73;6,88;4,96;35;26/01/2022
380583,07;11436,56;11,08;5,58;94;27/01/2022
403143,05;12180,69;5,38;3,54;306;28/01/2022
363654,06;10977,64;12,08;6,46;19;29/01/2022
395307,08;12179,92;9,92;4,04;310;30/01/2022
407521,09;12386,39;2,13;1,54;44;31/01/2022
402474,16;12014,03;7,08;4,08;32;01/02/2022
398284,05;11939,24;6,83;3,88;311;02/02/2022
371627,53;11286,38;3,96;5,46;0;03/02/2022
374661,32;11404,18;4,83;3,79;1;04/02/2022
388445,38;11921,42;6,92;3,63;139;05/02/2022
371383,33;11749,36;4,92;3;83;06/02/2022
407052,04;12269,55;6,79;3,04;319;07/02/2022
359080,1;10939,98;6,38;5,96;288;08/02/2022
354969,01;10827,5;5,92;5,46;135;09/02/2022
403557,24;12295,08;4,21;2,96;189;10/02/2022
428084,14;12641,62;3,04;0,63;344;11/02/2022
411399,14;12382,61;5,75;1,83;115;12/02/2022
384761,06;11224,76;5,92;3,04;0;13/02/2022
379762,08;11176,95;7,42;6,67;2;14/02/2022
377834,48;11083,57;6,42;4,5;127;15/02/2022
381872,53;11265,09;6,75;5,17;1;16/02/2022
409266,1;11998,31;8,79;4,38;101;17/02/2022
397226,79;11704,93;5,13;2,83;7;18/02/2022
408854,07;12360,17;7,21;3,13;167;19/02/2022
380982,05;11368,64;5,38;3,33;0;20/02/2022
407468,05;12316,72;8,38;4,33;237;21/02/2022
391701,13;11580,96;5,33;3,42;49;22/02/2022
394861,57;11506,84;7,38;5,25;151;23/02/2022
402396,09;11747,65;5,21;3,08;11;24/02/2022
378941,8;11355,51;5,13;3;240;25/02/2022
372176,03;11556,9;1,21;1,96;493;26/02/2022
376487,04;11187,61;2,96;1,71;545;27/02/2022
415408,13;12174,21;3,58;2,46;550;28/02/2022
383051,22;11440,52;1,58;1,17;14;01/03/2022
327529,6;10914,77;0,96;1,79;378;02/03/2022
364753,09;11145,4;1,63;1,29;457;03/03/2022
377791,82;11396,46;1,79;0,71;468;04/03/2022
367109,04;11504,82;1,38;-0,17;377;05/03/2022
377131,46;11341,79;1,38;1,13;562;06/03/2022
343768,49;10182,11;0,88;0,5;589;07/03/2022
342125,03;10057,14;1,25;2,33;465;08/03/2022
341513,69;9984,45;3,13;2,46;553;09/03/2022
343980,41;10272,5;4,79;3,29;542;10/03/2022
330005,12;10192;6,88;3,21;613;11/03/2022
315083,78;9882,71;5;3,38;554;12/03/2022
320790,64;9690,38;4,79;4,21;591;13/03/2022
296561,7;9550,22;3,04;5,33;471;14/03/2022
341636,45;10177,32;1,63;4,67;333;15/03/2022
369865,09;10545,37;3,21;2,38;200;16/03/2022
324057,06;9499,03;5,63;4,29;61;17/03/2022
309256,45;9223,89;2,75;5,13;596;18/03/2022
309311,67;9184,73;2,46;3,75;629;19/03/2022
313455,06;9183,43;5,75;3,63;557;20/03/2022
292760,48;8780,39;3,42;4,83;475;21/03/2022
262924,13;8056,38;1,08;5,96;540;22/03/2022
262715,11;7987,87;2,13;6,63;635;23/03/2022
249805,12;7750,57;0,96;6,25;674;24/03/2022
221330,44;7051,5;3;6,83;575;25/03/2022
247393,62;7539,24;3,88;7,88;553;26/03/2022
300093,12;8819,62;4,08;4,75;510;27/03/2022
315762,86;9445,43;5,25;5,04;82;28/03/2022
352602,92;10332,1;4,04;2,96;422;29/03/2022
362520,73;10669,95;3,88;0,58;287;30/03/2022
364500,13;10798,46;4;1,13;589;31/03/2022
350521,43;10353,99;3,42;1,13;435;01/04/2022
336917,72;9940,13;2,83;0,79;486;02/04/2022
353575,09;10201,09;5,04;2,75;297;03/04/2022
349759,62;10179,4;9,42;4,5;76;04/04/2022
345360,18;9874,03;4,92;2,75;307;05/04/2022
320245,74;9149,39;5,21;4,88;23;06/04/2022
339770,11;9737,33;5,58;4,96;134;07/04/2022
324672,5;9386,22;7,38;3,17;395;08/04/2022
333093,15;9724,87;8,04;3,79;384;09/04/2022
331466,12;9696,22;6,58;3,17;368;10/04/2022
316807,6;9626,36;3;3,46;543;11/04/2022
253296,16;8211,88;4,96;5,58;384;12/04/2022
263160,75;8164,49;4,08;9,71;251;13/04/2022
300776,16;8818,98;3,83;6,79;1;14/04/2022
259176,5;7916,29;3,5;6,08;0;15/04/2022
231259,34;7346,21;1,25;6,5;628;16/04/2022
211443,08;6714,57;1,21;7,13;770;17/04/2022
197003,08;6353,16;2,29;8,54;787;18/04/2022
176904,15;6146,76;1,67;8,71;747;19/04/2022
174616,49;5928,8;2,08;9,17;771;20/04/2022
167518,11;5866,89;3,58;9,67;788;21/04/2022
163974,49;5677,42;4,5;10,29;778;22/04/2022
174630,2;6087,36;4,42;9,17;795;23/04/2022
201959,51;6517,66;5;8,33;473;24/04/2022
211554,58;6714,85;2,38;6,88;632;25/04/2022
214491,2;6925,12;2,33;6,25;462;26/04/2022
194644,47;6421,56;2,17;7,42;584;27/04/2022
206117,15;6568,95;3,92;7,54;828;28/04/2022
193331,52;6385,29;3,83;7,42;345;29/04/2022
190974,26;6508,22;2,54;7,92;520;30/04/2022
190886,56;6371,49;2,08;6,42;479;01/05/2022
174658,87;5980,54;3,71;7,63;568;02/05/2022
171173,59;5945,52;2,92;9,67;686;03/05/2022
210973,12;6723,6;2,08;7,54;659;04/05/2022
198160,13;6338,83;2,54;6,63;206;05/05/2022
171468,45;5794,89;3,08;10,13;97;06/05/2022
171802,19;5993,11;4,79;9,33;562;07/05/2022
143705,34;5201,17;2,54;9,88;845;08/05/2022
144482,55;5231,46;3,25;12,04;774;09/05/2022
176782,31;6062,53;3,92;11,63;8;10/05/2022
168557,1;5846,4;4,29;10,29;0;11/05/2022
164234,15;5693,67;5,67;10,46;527;12/05/2022
155871,45;5814,76;5,46;10,71;92;13/05/2022
146239,9;5801,36;5,63;10,5;581;14/05/2022
136309,33;5199,6;1,83;10,83;528;15/05/2022
124661,33;4960,75;3,83;12,54;260;16/05/2022
107698,73;4881,67;4,08;14,29;549;17/05/2022
91938,02;4829,72;3,42;15,54;531;18/05/2022
113968,13;4810,39;1,58;14,38;156;19/05/2022
123808,22;5115,68;2,46;12,33;227;20/05/2022
118868,79;5075,31;5;11,25;234;21/05/2022
104586,11;4668,74;2,38;12,38;604;22/05/2022
112162,07;4985,23;5,29;14,46;731;23/05/2022
124948,46;5381,85;5;12,42;75;24/05/2022
120964,04;5332,18;5,08;12,04;371;25/05/2022
141665,06;5824,16;6,83;11,75;442;26/05/2022
147873,05;5918,75;6,88;9,21;436;27/05/2022
133214,09;5658,26;5,83;10,5;403;28/05/2022
153495,17;5992,63;3,42;10,29;611;29/05/2022
162127,18;6219,18;1,38;9,5;60;30/05/2022
149332,43;5828,7;1,54;9,75;146;31/05/2022
163148,26;6098,84;2,46;10,13;565;01/06/2022
162293,06;6120,52;4,88;9,83;0;02/06/2022
135327,15;5571,76;4,04;10,88;226;03/06/2022
119244,14;5242,99;1,96;11,83;452;04/06/2022
107928,16;4999,17;1,5;13,46;561;05/06/2022
137990,13;10151,1;3,96;14,08;245;06/06/2022
146267,29;5226,01;4,29;11,13;6;07/06/2022
125595,05;4930,84;2,46;12,42;45;08/06/2022
112298,06;4993,33;3,08;14,08;83;09/06/2022
100190,08;4723,26;3,63;14,54;276;10/06/2022
99690,04;4840,7;3,83;14,54;604;11/06/2022
115773,12;5184,89;4,38;13,42;306;12/06/2022
114922,1;5066,58;5;12,04;440;13/06/2022
1293787,29;4902,37;4,29;13,17;192;14/06/2022
105173,03;4507,18;2,71;12,67;414;15/06/2022
98225,03;4387,31;3,83;14,08;817;16/06/2022
86347,05;4124,14;3;15,75;194;17/06/2022
96073,5;4438,42;3,58;15,79;469;18/06/2022
106376,04;4521,81;2,38;11,88;278;19/06/2022
103196,22;4455,52;1,83;11,92;334;20/06/2022
100291,19;4330,45;4,17;13,46;474;21/06/2022
95297,14;4230;3,29;13,29;45;22/06/2022
75879,01;3740,54;1,54;16,5;655;23/06/2022
68033,04;3534,27;3,96;19,58;741;24/06/2022
65198,01;3486,45;1,17;18,79;528;25/06/2022
82992,03;3983,43;3,04;19,21;469;26/06/2022
88966,18;4016,9;2,29;13,21;0;27/06/2022
76979,17;3773,82;1,92;14,96;602;28/06/2022
66589,69;3490,42;2,63;17,08;799;29/06/2022
68635,01;3547,6;2,83;18,88;882;30/06/2022
72872,41;3570,46;3,25;15,71;64;01/07/2022
66276,53;3506,71;3,92;15,79;674;02/07/2022
72020,11;3567,61;2,79;17,38;488;03/07/2022
85412,11;3892,35;3,96;14,21;376;04/07/2022
88123,1;4050,99;3,79;13,42;324;05/07/2022
82672,05;3759,03;4,33;13,67;405;06/07/2022
86616,01;3974,46;5,29;15,08;472;07/07/2022
83550,73;3909,83;5,83;14,13;280;08/07/2022
87223,69;4008,51;6,21;13,58;280;09/07/2022
82275,11;3785,76;4,88;13,25;554;10/07/2022
70293,11;3420,96;2,33;14,88;819;11/07/2022
68403,14;3374,11;3,25;16,96;243;12/07/2022
79822,24;3654,09;4,71;16,25;591;13/07/2022
92632,01;4037,69;5,46;13,13;355;14/07/2022
89180,15;4026,95;5;13;314;15/07/2022
83276,13;3921,7;5,92;13,17;576;16/07/2022
72628,1;3638,53;4,29;15;250;17/07/2022
64154,11;3340,32;3,58;18,33;477;18/07/2022
52655,11;3090,68;1,58;20,92;834;19/07/2022
56328,13;3623,56;3,42;23,58;859;20/07/2022
74485,04;4010,28;3,29;16,38;110;21/07/2022
87101,09;4325,26;5,38;13,79;0;22/07/2022
84427,13;4040,47;3,88;12,83;22;23/07/2022
72543,03;3576,4;3,38;15,67;162;24/07/2022
83361,03;3938,4;3,33;17,92;116;25/07/2022
100258,02;4642,32;6,54;13,54;317;26/07/2022
98122,05;4571,28;6,04;12,63;54;27/07/2022
85247,03;4265,11;2,38;13,13;468;28/07/2022
71658,01;3725,04;1,25;14,71;707;29/07/2022
68942,04;4056,94;1,63;16,33;190;30/07/2022
78885,03;25973,98;1,08;16,33;20;31/07/2022
86132,02;5205,77;4,04;13,88;814;01/08/2022
73287,06;4919,8;3,29;14,13;192;02/08/2022
67354,09;5164,76;3,71;18,75;95;03/08/2022
84078,04;4783,21;3;18,67;354;04/08/2022
86616,74;4681,78;3,13;13,67;335;05/08/2022
89964,03;4828,46;4,04;12,83;432;06/08/2022
1430790,06;4655,58;2,21;13,58;92;07/08/2022
80992,01;4129,71;2,13;15,54;460;08/08/2022
77663,03;3912,9;1,63;15,67;427;09/08/2022
70459,13;3772,23;1;16,29;654;10/08/2022
62502,03;339210,32;0,88;18,88;779;11/08/2022
56374,11;3284,66;1,58;20,42;839;12/08/2022
52311,05;3246,08;1,38;21,21;782;13/08/2022
54763,08;3239,15;3,04;21,79;256;14/08/2022
54453,03;3102,59;3;21,83;566;15/08/2022
57856,02;3098,3;2,79;20,67;456;16/08/2022
64135,06;3663,33;1,42;18,96;282;17/08/2022
65871,05;3920,96;2,46;16,13;61;18/08/2022
58890,82;3694,92;1,33;17,29;303;19/08/2022
62808,83;4356,59;2,04;16,67;529;20/08/2022
74176,06;4178,58;3;14,96;442;21/08/2022
66097;3821,22;1;14,83;386;22/08/2022
61514,05;3654,16;3,88;19,58;431;23/08/2022
59418,02;3720,3;3,79;20,58;546;24/08/2022
57724,03;3458,25;3,75;19,88;632;25/08/2022
59481,11;3584,25;3,04;19,46;163;26/08/2022
67848,05;4040,22;3,42;16,17;405;27/08/2022
71950,1;4218,7;2,96;15,75;157;28/08/2022
77028,13;4380,84;3,67;15,46;676;29/08/2022
81808,03;4416,91;2,38;14,67;603;30/08/2022
85619,01;4489,21;2,17;13,58;568;31/08/2022
82906,01;4442,03;1,5;13,88;638;01/09/2022
73249,22;4168,33;2,63;13,96;616;02/09/2022
75131,01;4287,79;3,88;15,46;502;03/09/2022
75041,17;4231,96;4,17;15,96;506;04/09/2022
74647,02;4196,6;4,79;16,71;404;05/09/2022
80681,01;4202,52;5,71;16,29;389;06/09/2022
89621,04;4134,15;4,63;14,88;35;07/09/2022
88106,07;4412,55;6,21;14,58;54;08/09/2022
82765,13;4329,02;2,63;14,71;79;09/09/2022
90270,02;4590,36;2,38;14,42;174;10/09/2022
96406,36;4679,88;1,21;13,5;401;11/09/2022
1216829,3;4583,71;2,92;13,88;76;12/09/2022
104297,04;4740,33;5,42;13,96;265;13/09/2022
111469,03;4896,29;4,17;13,21;122;14/09/2022
114030,05;4763,05;6,21;11,58;492;15/09/2022
109948,14;4731,85;4,17;12,21;411;16/09/2022
126196,04;5142,24;4;11,38;229;17/09/2022
138198,45;5337,11;4;10,33;314;18/09/2022
149420,04;5455,76;2,13;9,83;489;19/09/2022
144797,07;5371,91;0,96;8,88;606;20/09/2022
141922,05;5276,47;1,5;8,88;570;21/09/2022
143106,05;5219,69;1,75;9,67;301;22/09/2022
127302,16;4896,58;1,92;11,29;108;23/09/2022
131427,03;5127,79;1,42;11,17;325;24/09/2022
146846,42;5375,81;2,04;10,29;401;25/09/2022
165998,28;5780,87;3,79;10,08;0;26/09/2022
181317,06;6118,62;1,5;8,63;2;27/09/2022
179428,05;6029,81;1,08;8,33;19;28/09/2022
179980,04;5999,02;3,92;9,79;112;29/09/2022
173538,05;5817,83;2,92;10,46;153;30/09/2022
163093,03;5717;3,83;10,21;75;01/10/2022
151543,06;5418,67;4,42;11,21;372;02/10/2022
144302,18;5260,43;3,88;11,42;351;03/10/2022
140120,16;5339,36;3,88;12,5;149;04/10/2022
153404,09;5755,92;6,5;13,75;0;05/10/2022
145838,05;5633,51;6,75;12,58;286;06/10/2022
156223,26;5911,21;6,46;13,25;91;07/10/2022
174193,17;6381,45;3,29;9,25;328;08/10/2022
187645,07;6348,86;2,5;8,96;434;09/10/2022
197986,13;6458,12;3,46;8,75;277;10/10/2022
189378,07;6458,35;3,29;8,79;300;11/10/2022
199624,12;6510,33;2,46;9,04;126;12/10/2022
178098,05;5437,24;2;9,83;4;13/10/2022
157095,1;4937,03;1,92;10,38;261;14/10/2022
161104,29;5122,14;2,83;11,92;170;15/10/2022
191772,05;5754,21;5;10,75;317;16/10/2022
181206,11;5597,59;3,46;11,17;6;17/10/2022
200210,21;6103,62;4,04;10,58;168;18/10/2022
221277,06;6578,74;1,5;6,67;515;19/10/2022
201875,05;6038,69;4,04;7,13;412;20/10/2022
171194,36;5416,49;2,04;10,33;0;21/10/2022
181716,33;5665,85;1,75;12,38;16;22/10/2022
171448,04;5389,91;2,58;10,5;107;23/10/2022
175419,08;5471,83;4,79;13;47;24/10/2022
187715,05;5757,32;3,63;11,63;73;25/10/2022
168158,12;5361,87;2,5;11,33;86;26/10/2022
148505,02;5067,88;2,83;13,46;116;27/10/2022
154868,27;5085,3;3,17;14,38;203;28/10/2022
154291,23;5244,7;2,79;11,88;284;29/10/2022
157953,06;5141,64;2,38;13,29;32;30/10/2022
176098,04;5453,07;2,13;11,96;209;31/10/2022
197298,12;6017,13;6,38;12,46;46;01/11/2022
216143,09;6562,4;4;9,46;129;02/11/2022
226392,07;6700,25;5,04;9,75;46;03/11/2022
217957,32;6594,96;6,13;9,04;38;04/11/2022
212537,22;6466,89;3,29;8,5;242;05/11/2022
220624,05;6676,75;5,25;9,63;64;06/11/2022
198688,05;6388,13;4,58;10,21;157;07/11/2022
206717,07;7047,77;4,83;11,83;72;08/11/2022
227122,08;7488,83;4,54;10,67;118;09/11/2022
197657,55;6372,13;5,13;10,58;9;10/11/2022
187259,11;5990,31;7,38;13,17;0;11/11/2022
209595,15;6827,01;2,83;12,13;0;12/11/2022
236483,11;7276,11;2,79;8,79;124;13/11/2022
250454,08;7514,14;5,04;8,33;10;14/11/2022
269829,14;8038,37;5,33;7,88;27;15/11/2022
316235,12;9375,14;8,88;8,04;0;16/11/2022
340099,13;10141,67;10,33;5,25;129;17/11/2022
371896,18;11031,65;6,42;3,33;90;18/11/2022
373142,42;11083,94;2,79;0,38;100;19/11/2022
408577,12;12056,21;1,92;-1;358;20/11/2022
408245,22;11967,83;1,46;-0,33;43;21/11/2022
369325,12;10721,38;5,08;1,21;0;22/11/2022
336243,11;9869,93;4,5;4,67;0;23/11/2022
614758,1;9688,4;3,13;5,88;2;24/11/2022
299997,61;28423,68;3,33;5,83;0;25/11/2022
306635,15;9245,25;1,83;5,79;239;26/11/2022
338780,13;10136,15;3,67;5,38;24;27/11/2022
353009,12;10351,97;5,42;4,83;0;28/11/2022
355752,12;10425,85;3,13;3,42;0;29/11/2022
371030,23;10792,51;2,71;3,38;57;30/11/2022
379683,12;11101,71;2,79;2,58;85;01/12/2022
387032,59;11360,95;3,38;2,33;27;02/12/2022
388455,74;11503,48;4,25;1,21;0;03/12/2022
394595,13;11780,7;5,08;2,17;4;04/12/2022
378943,15;11458,75;4,5;2,21;0;05/12/2022
407349,13;12038,69;1,25;0,71;220;06/12/2022
444449,19;13123,62;2;-1;206;07/12/2022
428114,13;12500,06;1,54;-2,71;339;08/12/2022
420333,55;12461,84;2,17;0;92;09/12/2022
446020,13;13163,04;1,83;-1,42;53;10/12/2022
484505,16;14108,19;2,21;-2,17;145;11/12/2022
472799,14;13891,55;2,67;-3,13;92;12/12/2022
434585,92;12744,46;2,38;-1,96;33;13/12/2022
458611,83;13507;2,5;-0,08;119;14/12/2022
541883,21;15910,71;1,04;-3,88;174;15/12/2022
489183,11;13968,27;0,75;-8,42;302;16/12/2022
466308,13;13515,96;4,42;-0,42;114;17/12/2022
463418,22;13536,45;4,42;-1,04;116;18/12/2022
367289,26;10778,64;4,63;1,46;0;19/12/2022
365968,69;10663,48;5,13;6,92;0;20/12/2022
354025,69;10702,51;3,63;4,79;13;21/12/2022
374604,23;10920,37;4,04;5,5;22;22/12/2022
427403,12;12265,58;1,67;1,08;335;23/12/2022
353633,2;10656,81;2,46;0,33;14;24/12/2022
346151,15;10164,25;2,88;5,08;0;25/12/2022
392176,12;11315,69;4,54;4,88;11;26/12/2022
359349,71;10360,37;3,71;2,08;150;27/12/2022
336897,38;9948;5,67;6,08;86;28/12/2022
361890,22;10705,69;6,92;6,88;17;29/12/2022
326394;9605,37;6,54;5,46;38;30/12/2022
293586,12;8656,73;3,67;6,96;0;31/12/2022
320898,33;9559,3;5,92;8,08;20;01/01/2023
360142,47;10527,84;2,92;5,88;4;02/01/2023
329025,27;9919,46;3,58;3,67;224;03/01/2023
357579,37;10272,98;7,63;7,38;0;04/01/2023
350571,19;10190,91;4,17;2,29;227;05/01/2023
313539,36;9174,39;5,13;6,08;92;06/01/2023
314377,33;9304,02;4,08;7,33;0;07/01/2023
332104,46;9717,55;3,88;6,25;16;08/01/2023
347264,44;9952,58;3,29;5;94;09/01/2023
333147,44;9591,87;4,25;4,79;141;10/01/2023
341065,19;9706,81;6,13;6,67;186;11/01/2023
342003,19;9731,37;3,54;5,33;30;12/01/2023
341418,34;9725,64;6,96;5,88;9;13/01/2023
359038,28;10097,54;5,42;5,17;3;14/01/2023
383454,36;10752,36;8,33;4,63;59;15/01/2023
395521,33;11048,89;3,38;2,46;24;16/01/2023
409455,28;11654;3,29;0,79;52;17/01/2023
423994,18;11979,72;3,08;0,29;245;18/01/2023
433335,21;12363,44;2,92;0,13;67;19/01/2023
442289,15;12717,1;0,71;-0,63;132;20/01/2023
453160,15;13030,55;2,17;-0,38;247;21/01/2023
460632,2;13106,04;2,71;-0,67;0;22/01/2023
421169,16;12064;0,96;-0,33;137;23/01/2023
410068,28;11559,8;2,92;1,29;169;24/01/2023
374542,24;10708,57;4,13;2,58;0;25/01/2023
429189,17;12318,27;2,83;2,58;290;26/01/2023
428102,35;12338,4;1,21;-1,46;349;27/01/2023
393739,08;11228,57;2,5;1,17;41;28/01/2023
391722,18;11076,05;6,04;4;12;29/01/2023
397006,34;11247,82;8,08;3,33;216;30/01/2023
393764,69;11223,63;7,21;3,83;23;31/01/2023
380255,29;10719,1;8,08;3,79;114;01/02/2023
375445,17;10612,3;2,08;2,42;369;02/02/2023
400195,49;11697,06;7,71;4,67;44;03/02/2023
400937,23;11479,19;2,29;0,25;220;04/02/2023
400375,2;11364,8;2,96;1,33;246;05/02/2023
400126,26;11722,13;1,08;1,83;111;06/02/2023
402909,31;11591,81;3,04;1,96;52;07/02/2023
405485,29;11487,59;3,21;0,92;289;08/02/2023
374439,19;178639,42;5,71;3,54;126;09/02/2023
321474,23;9337,27;5,79;4,75;36;10/02/2023
322056,12;9445,11;6,46;6,96;180;11/02/2023
340659,4;9978,18;3,83;6,42;0;12/02/2023
354241,04;10122,45;3,46;5,42;20;13/02/2023
368892,21;10477,73;1,71;3,42;14;14/02/2023
340905,27;9761,77;2,25;2,38;0;15/02/2023
6762115,18;9480,93;2,79;4,96;96;16/02/2023
338700,36;9851,9;10,08;6,67;34;17/02/2023
349947,27;10140,75;4,58;3,58;207;18/02/2023
350258,96;9951,71;4,5;3,13;329;19/02/2023
338191,21;9578,85;9,5;6,63;71;20/02/2023
342615,24;9563,02;4,79;5;234;21/02/2023
333903,57;9198,3;2,92;4,75;0;22/02/2023
339445,17;9558,28;3,83;4,38;137;23/02/2023
363641,28;10551,25;6,67;3,79;192;24/02/2023
377587,17;11135,08;5,5;0,79;409;25/02/2023
363102,68;10926,1;2,58;0,58;464;26/02/2023
341434,19;10186,57;1,33;2,42;532;27/02/2023
1782883,51;10083,32;1,13;2;541;28/02/2023
358412,32;10413,63;1,17;1,29;190;01/03/2023
330321,14;9644,68;1,46;2,13;491;02/03/2023
323980,25;9469,41;4,17;4,08;376;03/03/2023
349508,15;11031,42;5,38;2,83;364;04/03/2023
383681,25;11183,66;2,54;-0,54;509;05/03/2023
399327,92;11360,5;2,58;-0,54;328;06/03/2023
409217,18;11703,74;5,54;-0,83;193;07/03/2023
402153,21;11519,7;0,75;-1,58;484;08/03/2023
402843,19;11435,89;1,63;-1,29;440;09/03/2023
385043,58;11125,01;1,96;-0,42;145;10/03/2023
406140,14;11575,7;3,58;-0,63;371;11/03/2023
354361,13;10044,79;3,25;0,33;89;12/03/2023
346746,61;9974,14;9,04;7,21;20;13/03/2023
379910;10784,85;6,58;3;268;14/03/2023
399736;11334,22;5,54;1,71;308;15/03/2023
338794,44;9905,27;5,33;3;3;16/03/2023
284148,17;8556,32;3,29;6,13;54;17/03/2023
286141,08;8665,85;1,17;7,83;26;18/03/2023
313949,12;9292,38;2,88;7,04;7;19/03/2023
323232,2;9493,33;3,08;5,38;20;20/03/2023
314522,59;9238,65;3,42;5,75;0;21/03/2023
280146,23;8458,92;6,08;7,25;8;22/03/2023
281552,37;8471,9;5,67;7,92;322;23/03/2023
284770,12;10745956,01;6,88;7,67;169;24/03/2023
282717,08;8611,59;4,71;6,71;33;25/03/2023
347697,47;10291,16;4,63;3,13;406;26/03/2023
373890,21;10919,1;4,21;0,58;392;27/03/2023
351950,65;10196,03;2,58;1,33;316;28/03/2023
312026,31;9234,22;3,04;4,71;0;29/03/2023
297941,49;8860,68;4,58;7,04;0;30/03/2023
321347,13;9573,93;3,46;6,46;10;31/03/2023
2413854,2;9708,61;7,04;2,67;400;01/04/2023
323119,05;9619,02;3,54;2,71;724;02/04/2023
315736,32;9330,47;1,88;2,42;669;03/04/2023
321770,37;9116,68;1,71;2,58;373;04/04/2023
291815,97;8082,43;1,46;3,83;285;05/04/2023
273477,3;8118,81;3,42;4,38;493;06/04/2023
240057,23;7618,78;4,88;5,04;665;07/04/2023
219435,24;7221,79;2,5;7,54;427;08/04/2023
289741,18;7314,54;2,33;7,58;445;09/04/2023
224663,38;7248,16;5,71;8,92;319;10/04/2023
278772,36;8489,77;4,17;7,29;187;11/04/2023
1504361,33;8345,08;4,33;5,58;88;12/04/2023
262411,24;8305,13;3,58;5,79;245;13/04/2023
236867,21;7740,79;2,58;6,96;250;14/04/2023
213521,18;7185,92;2,92;8,96;85;15/04/2023
193067,16;6673,17;1,67;9,33;183;16/04/2023
199141,28;6829,39;3,25;9;780;17/04/2023
195067,22;6596,93;4,54;8,63;797;18/04/2023
190505,26;6360,72;4,38;8;779;19/04/2023
168958,24;5898,21;6,04;10,04;758;20/04/2023
151570,53;5374007,82;4,67;10,33;794;21/04/2023
147637,45;5261,47;4,54;12,13;576;22/04/2023
182697,16;6032,98;3,42;9,75;249;23/04/2023
255419,24;8075,04;4,04;8,63;5;24/04/2023
268885,15;8553,1;8,08;5,13;101;25/04/2023
262409,19;8467,14;5,83;4,29;447;26/04/2023
239569,23;7776,78;4,25;4,25;554;27/04/2023
214953,34;7151,7;2,42;6,04;478;28/04/2023
226333,19;7509,26;4,42;6,04;563;29/04/2023
192297,44;6784,3;3,08;5,88;547;30/04/2023
213087,13;7289,39;4,63;9,17;440;01/05/2023
229757,07;7611,64;4,63;5,92;528;02/05/2023
243412,14;8032,15;3,38;5,75;415;03/05/2023
234387,13;7915,19;2,38;6,58;84;04/05/2023
275984,14;8810,65;9,13;6,83;145;05/05/2023
225823,29;7602,97;6,17;5,96;15;06/05/2023
179891,06;6469,4;5,13;9,38;522;07/05/2023
145092,08;5730,36;5,46;11,21;845;08/05/2023
135923,03;5728,2;5,63;13,46;403;09/05/2023
154797,11;6089,77;3,92;12,38;306;10/05/2023
134056,09;5670,21;1,5;10,96;57;11/05/2023
113122,21;5203,88;3;14,46;610;12/05/2023
372593,42;5204,63;1,92;13,71;810;13/05/2023
119583,06;5166,09;2;13,96;278;14/05/2023
163105,13;5729,85;2,92;12,42;548;15/05/2023
201094,12;6568,63;7,33;8,33;57;16/05/2023
180374,11;6055,49;7,46;7,13;268;17/05/2023
146719,1;5349,25;2,75;9,54;647;18/05/2023
126858,17;4879,63;1,88;10,63;700;19/05/2023
371615,26;4558,04;2,79;11,96;795;20/05/2023
100008,04;4264,97;4,13;15,25;483;21/05/2023
128584,1;4876,33;3,21;16,42;133;22/05/2023
135986,06;5247,69;5,67;9,96;42;23/05/2023
131069,11;4771,54;3,25;11,83;548;24/05/2023
138584,14;5145,31;5,25;10,33;923;25/05/2023
130178,18;5224,1;4,5;9,83;634;26/05/2023
381811,2;4890,01;2,42;9,83;889;27/05/2023
128584,05;5029,87;3,5;10,58;590;28/05/2023
110985,11;4541,26;4,42;10,33;872;29/05/2023
106441,03;4535,63;2,29;14,13;780;30/05/2023
110116,12;4561,95;6,29;11,42;709;31/05/2023
104021,11;4603,07;4,54;12,58;733;01/06/2023
103219,1;4528,56;2,63;12,67;780;02/06/2023
370907,09;4559,23;3,33;11,46;857;03/06/2023
111776,07;4738,77;3;10,92;487;04/06/2023
106776,12;4682,02;2,08;11,75;574;05/06/2023
101357,06;4570,59;3,25;12,08;750;06/06/2023
97927,12;4502,89;2,46;12,79;619;07/06/2023
93050,17;4343,39;3,13;12,58;798;08/06/2023
79820,08;4044,67;2,38;14,83;721;09/06/2023
77820,06;4081,63;4,96;16,58;912;10/06/2023
78211,05;3969,62;4,83;16,5;717;11/06/2023
73434,09;3751,27;3,67;17,54;922;12/06/2023
70415,03;3808,52;3,38;16,83;947;13/06/2023
70868,1;3487,1;1,79;17,58;915;14/06/2023
70013,11;3584,91;1,88;16,25;420;15/06/2023
64614,08;3305,72;2,17;17,79;459;16/06/2023
66407,04;3436,28;1,29;17,21;588;17/06/2023
66876,03;3408,29;1,46;17,71;627;18/06/2023
65776,14;3341,71;3,08;16,96;302;19/06/2023
64456,02;3301,98;1,88;19;431;20/06/2023
67224,11;3294,32;3,88;17,08;243;21/06/2023
598301,1;3381,92;2,38;18;641;22/06/2023
67584,1;3344,1;3,42;15,63;443;23/06/2023
64543,04;3333,73;2,67;16,92;464;24/06/2023
64887,09;3296,65;1,13;18,88;298;25/06/2023
73372,09;3558,23;5,04;17,29;410;26/06/2023
73442,04;3658,16;6,29;14,54;706;27/06/2023
67515,15;3234,53;3,04;16,13;540;28/06/2023
73189,21;3557,04;3,21;17,46;24;29/06/2023
73603,25;3617,92;3,75;15,21;523;30/06/2023
79804,05;3840,12;4,13;14,75;21;01/07/2023
89603,1;3994,98;7;13,71;337;02/07/2023
95508,11;4155,45;5,71;12,54;402;03/07/2023
110749,05;4514,94;5,38;12,5;252;04/07/2023
100897,16;4343,26;4,5;12;68;05/07/2023
84005,24;3998,08;5,25;14;446;06/07/2023
69766,26;3690,32;1,75;15,83;818;07/07/2023
61416,04;3373,65;1,67;18,13;937;08/07/2023
62836,09;3301,58;2,92;19,96;729;09/07/2023
67218,08;3350,02;2,83;16,75;307;10/07/2023
68931,03;3306,82;2,54;16,63;92;11/07/2023
72126,14;4024,09;3,29;16,13;310;12/07/2023
72371,16;3607,88;3,71;15,17;447;13/07/2023
62324,25;3366,85;2,38;15,88;484;14/07/2023
64110,03;3481,76;3,75;18,75;224;15/07/2023
69952,09;3952,71;6,5;16,54;276;16/07/2023
76352,08;4428,67;5,25;15,21;348;17/07/2023
81903,08;4093,21;4,08;14,13;500;18/07/2023
85709,14;4094,21;2,46;13,17;295;19/07/2023
86018,14;4234,57;4,42;12,96;325;20/07/2023
81586,24;4140,55;2,83;13,25;360;21/07/2023
84699,05;4179,42;3,21;13,13;434;22/07/2023
82640,09;3930,53;3,46;14,54;0;23/07/2023
85185,08;3799,3;4,38;15,88;200;24/07/2023
92718,04;4390,13;4,33;13,33;423;25/07/2023
86574,15;3857,16;4,54;12,75;326;26/07/2023
75928,14;3532,93;1,75;14,75;363;27/07/2023
68176,27;3377,02;1,04;16,92;726;28/07/2023
74260,06;3693,63;2,63;16,58;139;29/07/2023
77741,09;3658,94;2,83;14,38;334;30/07/2023
75545,13;3713,73;3,13;15,38;380;31/07/2023
81874,02;3708,83;2,13;14,75;146;01/08/2023
77416,17;3666,93;2,13;15,08;295;02/08/2023
84003,14;3704,92;2,75;15,88;180;03/08/2023
80203,27;3567,45;5,25;15,04;125;04/08/2023
75690,04;3577,96;2,71;15,38;565;05/08/2023
93156,13;3865,04;3,21;15,71;32;06/08/2023
97451,2;3762,89;9,21;13,54;8;07/08/2023
114974,05;4341,6;10,08;12,88;387;08/08/2023
108356,17;4315,15;6,63;12,13;67;09/08/2023
87206,13;3872,81;4,92;13,75;364;10/08/2023
72692,27;3562,26;2,75;17,63;247;11/08/2023
78133,14;3719,2;1,75;17,08;51;12/08/2023
79065,11;3695,66;3,13;16,42;102;13/08/2023
72243,17;3540,1;2,04;17,04;458;14/08/2023
76522,07;3576,05;3,33;17,33;309;15/08/2023
82873,25;3809,1;3,92;15,46;170;16/08/2023
77467,13;3757,97;1,42;14,67;214;17/08/2023
68695,19;3413,2;3,88;16,92;96;18/08/2023
66741,12;3508,14;4,38;18,58;65;19/08/2023
69167,06;3823,03;2,46;17,58;479;20/08/2023
68708,18;3298,84;2,33;16,79;610;21/08/2023
70665,07;3411,51;2,58;17,13;437;22/08/2023
75821,21;3687,6;2,92;16,08;167;23/08/2023
67925,12;3369,33;1,5;15,67;398;24/08/2023
72058,19;3360,28;2,63;16,67;374;25/08/2023
86604,21;3931,88;1,5;13,58;192;26/08/2023
93076,74;4256,05;1,54;12,75;191;27/08/2023
89110,23;4018,14;2,25;13,25;492;28/08/2023
93721,07;4332,46;1,46;13;233;29/08/2023
93736,2;4402,23;2,04;13,5;104;30/08/2023
92371,15;4457,26;1,58;13,38;152;31/08/2023
86293,21;4215,11;2,13;13,92;634;01/09/2023
85259,11;4207,43;3,54;13,75;565;02/09/2023
79409,12;4333,85;3,88;15,83;193;03/09/2023
78038,19;4170,68;2,71;16,71;731;04/09/2023
74063,07;4135,12;0,5;16,5;724;05/09/2023
66772,19;3905,16;1,88;17,04;648;06/09/2023
64068,13;3537,61;3;18,29;522;07/09/2023
59293,22;3598,37;2,79;18,92;589;08/09/2023
60783,09;3685,65;1,79;19,63;634;09/09/2023
64291,11;3884,58;1,38;17,21;209;10/09/2023
68011,19;3492,09;2,88;19,17;354;11/09/2023
86216,07;4306,99;2,08;15,25;22;12/09/2023
103842,2;4788,05;2,67;12,21;404;13/09/2023
89760,12;4376,57;1,54;11,71;207;14/09/2023
79948,19;4450;2,67;14,42;525;15/09/2023
75305,08;4168,57;1,83;15,75;332;16/09/2023
75920,08;4032,77;3,92;17,33;224;17/09/2023
94278,27;4131,26;4,38;17,46;99;18/09/2023
92311,06;4341,63;6,54;14,17;107;19/09/2023
91122,18;4301,01;5,63;16,96;54;20/09/2023
95986,33;4310,66;3,38;16,58;158;21/09/2023
104360,15;4142,51;2,21;13,83;203;22/09/2023
114074,12;4452,46;2,25;12,04;254;23/09/2023
115694,11;4672,71;3,13;12,46;345;24/09/2023
104075,2;4233,49;3,96;14,38;191;25/09/2023
96535,09;3930,31;2,08;14,96;222;26/09/2023
92778,18;3820,88;1,79;15,83;186;27/09/2023
104123,24;4090,97;3,5;16,21;104;28/09/2023
111938,2;4213,54;3,58;14,25;17;29/09/2023
123099,28;4557,43;4,42;13,08;353;30/09/2023
111573,13;4356,4;1,75;13;40;01/10/2023
124403,38;4547,88;2;15,46;19;02/10/2023
144321,12;5040,33;4,17;13,21;39;03/10/2023
141580,2;5048,81;5,96;12,71;257;04/10/2023
135064,3;4780,93;4,08;11,67;334;05/10/2023
152991,16;5205,77;7,71;14,83;7;06/10/2023
190822,2;6121,92;3,96;10,5;85;07/10/2023
205022,28;6314,57;0,92;7,08;284;08/10/2023
185218,26;6176,01;1,33;8,83;6;09/10/2023
161773,08;5404,08;3,21;12,92;23;10/10/2023
187819,42;6047,91;6,42;13,25;34;11/10/2023
188743,27;6064,69;4,29;9,54;223;12/10/2023
200977,41;6310,03;4,67;11,71;0;13/10/2023
235871,24;7272,97;7;8,46;209;14/10/2023
243596,39;7772,73;5,96;7,04;237;15/10/2023
242253,26;7280,03;2,79;6,13;291;16/10/2023
244611,16;7162,02;1,83;6,71;327;17/10/2023
273188,44;7791,43;2,04;7,42;265;18/10/2023
321396,29;9551,6;9,38;6,67;0;19/10/2023
300839,32;9563,07;11,83;4,42;0;20/10/2023
249848,37;7449,22;6,5;7,54;0;21/10/2023
252791,37;8110,28;3;9,29;12;22/10/2023
256864,2;7597,28;2,08;8,54;184;23/10/2023
246053,11;7257,56;5,5;8,54;14;24/10/2023
259308,5;7594,27;4,29;9,17;13;25/10/2023
278397,86;8477,69;4,21;7,21;2;26/10/2023
277833,75;8316,66;3,88;6,21;13;27/10/2023
263306,26;7921,08;4,58;6,54;0;28/10/2023
249396,13;7587,76;5,21;9,58;54;29/10/2023
317593,44;9043,71;4,67;10,25;153;30/10/2023
354439,49;10006,22;3,67;3;70;31/10/2023
275840,36;8003,12;3,75;4,25;27;01/11/2023
279185,55;8371,43;5,67;9,58;91;02/11/2023
270640,29;8168,04;5,04;8,75;11;03/11/2023
262150,29;8002,49;4,25;7,79;1;04/11/2023
259194,12;7808,03;2,38;8;11;05/11/2023
278617,33;8365,33;3,08;8,29;193;06/11/2023
268143,43;8237,08;2,71;7,42;99;07/11/2023
269057,19;8345,51;3,75;7,92;194;08/11/2023
293333,17;8892,83;1,5;7,21;11;09/11/2023
291411,41;8696,49;2,38;5,96;110;10/11/2023
280273,34;8545,79;0,79;5,5;21;11/11/2023
317395,14;9296,23;1,17;5,21;90;12/11/2023
324080,29;9408,81;4;4,83;28;13/11/2023
351268,47;9914,07;4,25;5,21;0;14/11/2023
369321,27;10327,3;3,08;3,63;7;15/11/2023
372186,18;10586,71;4,5;2,83;34;16/11/2023
353128,21;10802,16;2,29;2,46;22;17/11/2023
325293,24;9778,45;3,38;2,42;169;18/11/2023
321458,16;9790,1;3,42;5,46;0;19/11/2023
352924,76;10391,95;3,04;5,71;3;20/11/2023
393862,54;11201,17;2;2,83;8;21/11/2023
324413,23;9141,6;5,42;3,75;0;22/11/2023
384488,18;10838,42;9,83;7,96;2;23/11/2023
376913,22;10761,9;5,46;1,83;127;24/11/2023
429762,36;12243,21;2,46;0,88;294;25/11/2023
439386,21;12714,38;1,46;-1,21;34;26/11/2023
482494,31;13673,68;5,25;0,29;12;27/11/2023
511321,2;14092,17;2,42;-4,58;180;28/11/2023
529772,33;14332,92;1,21;-5,71;314;29/11/2023
529146,46;13993,05;2,17;-3,83;96;30/11/2023
542185,23;14375,74;2,29;-4;125;01/12/2023
500260,56;13481,07;0,33;-6,5;116;02/12/2023
495055,15;13171,29;1,5;-2,29;109;03/12/2023
466314,24;12355,69;3,71;-0,71;79;04/12/2023
473683,14;12372,83;5,17;0,04;187;05/12/2023
461061,42;12496,43;4,92;0;17;06/12/2023
453847,33;13188,98;1,54;0,04;4;07/12/2023
424305,21;12074,49;4;0,33;2;08/12/2023
409331,17;11372,51;4,33;2,04;6;09/12/2023
397846,19;10912,22;5,21;2,83;6;10/12/2023
423392,26;11296,53;2,13;3,17;0;11/12/2023
;;3,67;1,25;0;12/12/2023
