Dato,middel_temp,middel_vind,sol_minutter,MWh,Flow
2020-01-01 00:00,4.29,5.21,40,373686,11049.86
2020-01-02 00:00,4.42,6.13,0,388693,11408.08
2020-01-03 00:00,5.29,5.5,31,369654,10790.46
2020-01-04 00:00,3.29,6.38,240,383225,11260.85
2020-01-05 00:00,3.79,3.42,5,396924,11696.14
2020-01-06 00:00,5.83,4.67,0,368927,10838.81
2020-01-07 00:00,5.83,5.54,70,365760,10678.15
2020-01-08 00:00,6.5,5.92,46,353054,10340.4
2020-01-09 00:00,5.21,3.83,0,366814,10663.38
2020-01-10 00:00,4.04,3.42,17,369348,10740.52
2020-01-11 00:00,4.5,6.83,0,393587,11384.6
2020-01-12 00:00,6.38,4.25,0,342459,10056.95
2020-01-13 00:00,4.25,3.92,74,380597,11084.02
2020-01-14 00:00,6.96,7.67,60,357564,10391.62
2020-01-15 00:00,7.08,7.08,0,344338,10149.67
2020-01-16 00:00,5.75,5.17,136,367589,10828.92
2020-01-17 00:00,5.88,3.71,122,359675,10549.62
2020-01-18 00:00,4.29,5.04,50,360757,10525.77
2020-01-19 00:00,3.17,3.63,359,377291,11057.47
2020-01-20 00:00,5.29,4.5,40,382960,11190.07
2020-01-21 00:00,5.71,6.08,0,366783,10676.54
2020-01-22 00:00,4.21,3.79,311,1005231,10651.23
2020-01-23 00:00,5.21,4.17,0,366514,10714.74
2020-01-24 00:00,5.75,4.38,2,1240536.93,10393.56
2020-01-25 00:00,5.29,3.38,6,340646,10143.44
2020-01-26 00:00,3.92,4.04,1,361220,10716.83
2020-01-27 00:00,5.38,3.79,10,358323,10647.42
2020-01-28 00:00,4.17,4.38,6,357249,10558.61
2020-01-29 00:00,4.13,4.67,189,368482,10996.21
2020-01-30 00:00,6.38,6.75,0,357692,10656.03
2020-01-31 00:00,7.13,6.46,1,344571,10303.25
2020-02-01 00:00,7.25,8.17,18,321265,9686.59
2020-02-02 00:00,3.21,3.88,77,360596,10880.77
2020-02-03 00:00,4.29,3.71,26,370355,11057.62
2020-02-04 00:00,2.46,4.29,238,379796,11419.48
2020-02-05 00:00,2.21,3.75,270,414735,12568.61
2020-02-06 00:00,5.88,5.33,15,372366,11141.3
2020-02-07 00:00,4.17,2.46,0,362260,10891.3
2020-02-08 00:00,3.17,3.79,55,373840,10325.02
2020-02-09 00:00,6.33,10.38,0,361231,9915.54
2020-02-10 00:00,4.58,8.42,64,368858,10104.99
2020-02-11 00:00,3.21,7.33,80,385838,10699.18
2020-02-12 00:00,3.17,7.42,42,408866,11372.86
2020-02-13 00:00,2.54,3.42,128,396734,10911.92
2020-02-14 00:00,2.88,2.63,67,394207,10834.24
2020-02-15 00:00,6.42,6.5,0,361897,9993.87
2020-02-16 00:00,7.83,9.67,0,330720,9195.07
2020-02-17 00:00,6.04,9.58,35,388436,10851.93
2020-02-18 00:00,4.75,6.88,129,383656,10638.85
2020-02-19 00:00,3.96,4.42,209,373365,10429.33
2020-02-20 00:00,4.71,6.38,0,379325,10494.09
2020-02-21 00:00,4.96,7.5,80,384874,10700.73
2020-02-22 00:00,6,11.08,79,365036,10220.38
2020-02-23 00:00,4.04,6.88,16,384325,10735.76
2020-02-24 00:00,2.96,3.88,0,404080,11174.78
2020-02-25 00:00,3.13,8.88,13,409588,11277.47
2020-02-26 00:00,0.25,2.71,37,423705,11688.28
2020-02-27 00:00,1,1.92,258,402639,11596.52
2020-02-28 00:00,3.25,4.67,283,379753,10637.46
2020-02-29 00:00,4.46,5.5,86,361600,10088.83
2020-03-01 00:00,4.25,6.92,139,361753,10094.77
2020-03-02 00:00,3.5,2.79,153,375632,10365.84
2020-03-03 00:00,3.46,2.17,164,361162,9962.04
2020-03-04 00:00,2.33,2.58,312,380896,10561.62
2020-03-05 00:00,1.88,1.75,248,375409,10447.5
2020-03-06 00:00,2.08,4.83,56,394756,10866.92
2020-03-07 00:00,2.08,2.13,278,381646,10596.37
2020-03-08 00:00,6.38,6.75,0,357930,574952.82
2020-03-09 00:00,6.08,2.96,89,340577,9509.39
2020-03-10 00:00,5.67,5.79,0,353673,9706.23
2020-03-11 00:00,6.21,7.21,378,329446,9282.65
2020-03-12 00:00,5.17,9.75,175,350216,9761.62
2020-03-13 00:00,3.21,5.08,208,362476,10097.58
2020-03-14 00:00,1.46,3.17,571,363791,10320.11
2020-03-15 00:00,6.21,6.79,0,347244,9724.35
2020-03-16 00:00,6.29,4.04,107,327290,9266.86
2020-03-17 00:00,6.21,5.54,44,341911,9683.67
2020-03-18 00:00,7.04,5.92,1,329638,9364.86
2020-03-19 00:00,4.79,3.08,402,319909,9102.94
2020-03-20 00:00,3.71,3.17,565,313252,8910.49
2020-03-21 00:00,1.96,2.96,645,332727,9441.68
2020-03-22 00:00,1.75,3.17,490,346548,9787.38
2020-03-23 00:00,1.92,3.67,684,356994,10064.61
2020-03-24 00:00,3.25,4.08,587,340870,9601.17
2020-03-25 00:00,3.63,3.25,678,320851,9131.59
2020-03-26 00:00,3.42,2.21,641,303390,8741.08
2020-03-27 00:00,3.83,2.08,704,299067,8618.44
2020-03-28 00:00,4.5,4.08,552,282110,8202.18
2020-03-29 00:00,1.92,6.29,706,311702,8892.64
2020-03-30 00:00,3.63,3.88,533,307188,8791.29
2020-03-31 00:00,2.25,3.92,372,341632,9586.23
2020-04-01 00:00,5.42,7.13,71,318352,8943.35
2020-04-02 00:00,5,8.5,55,330770,9328.66
2020-04-03 00:00,3.13,5.96,367,339266,9667.31
2020-04-04 00:00,4.13,2.42,267,315481,9210.13
2020-04-05 00:00,8.04,4,719,264523,8257.13
2020-04-06 00:00,10.54,3.79,744,212739,6981.06
2020-04-07 00:00,8.54,2.96,745,195163,7031.84
2020-04-08 00:00,8.88,2.88,575,203986,7293.13
2020-04-09 00:00,6.33,4.71,634,210681,6889.97
2020-04-10 00:00,4.17,3.46,664,248532,7861.24
2020-04-11 00:00,5.38,1.88,47,274125,8810.98
2020-04-12 00:00,9,5.67,608,223302,7566.47
2020-04-13 00:00,3.83,6.67,600,269137,8706.24
2020-04-14 00:00,4.17,5.13,434,301656,8642.88
2020-04-15 00:00,7.33,6.79,459,258285,7794.15
2020-04-16 00:00,7.33,5.17,591,230531,7530.66
2020-04-17 00:00,6.17,1.96,773,233415,7918.82
2020-04-18 00:00,6.38,2.58,766,214623,7487.52
2020-04-19 00:00,6.92,3,783,210802,7256.48
2020-04-20 00:00,8.42,3,795,203325,7146.36
2020-04-21 00:00,9.42,4.25,806,183157,6759.96
2020-04-22 00:00,9.88,3.42,812,175026,6465.67
2020-04-23 00:00,10.96,1.96,799,159538,6041.6
2020-04-24 00:00,7.67,5.38,436,173331,6399.15
2020-04-25 00:00,8.04,3.13,577,182633,6472.48
2020-04-26 00:00,6.63,2.75,2,204559,7046.68
2020-04-27 00:00,6.25,1.67,3,254213,8280.59
2020-04-28 00:00,6.83,2,359,234694,7746.04
2020-04-29 00:00,6.92,4.21,2,237130,7811.89
2020-04-30 00:00,7.63,3.75,82,243818,7919.86
2020-05-01 00:00,7.38,2.33,81,246695,8055.9
2020-05-02 00:00,7.67,2.67,154,221451,7417.65
2020-05-03 00:00,7.42,4,361,221283,7542.12
2020-05-04 00:00,6.54,4.38,769,225931,7734.36
2020-05-05 00:00,7.21,2.67,693,208240,7221.73
2020-05-06 00:00,7.08,5.63,428,221217,7502.34
2020-05-07 00:00,8.75,4.58,475,204903,6865.18
2020-05-08 00:00,9.38,3.63,584,183858,6599.12
2020-05-09 00:00,11.71,0.88,531,149589,5746.14
2020-05-10 00:00,7.21,4.46,348,168205,6253.23
2020-05-11 00:00,5.54,4.63,659,222735,7578.17
2020-05-12 00:00,5.04,4.63,371,227439,7755.75
2020-05-13 00:00,5.17,2.63,590,227248,7764.59
2020-05-14 00:00,5.92,4.88,531,219269,7545.83
2020-05-15 00:00,8.08,6.33,271,379179,7417.36
2020-05-16 00:00,8.88,7.83,130,206020,7249.64
2020-05-17 00:00,9.63,6.88,199,203860,7221.59
2020-05-18 00:00,10.04,4.17,0,212655,7370.87
2020-05-19 00:00,10.46,4.79,614,190707,6659.77
2020-05-20 00:00,11.33,2,734,162601,5972.23
2020-05-21 00:00,13.63,1.29,662,127838,5024.87
2020-05-22 00:00,13.13,4,220,127661,4955.15
2020-05-23 00:00,11.67,5.13,353,139342,5158.07
2020-05-24 00:00,10.13,6.88,11,169845,5895.8
2020-05-25 00:00,11.63,4.38,477,173696,6073.75
2020-05-26 00:00,11.38,1.88,549,150459,5709.43
2020-05-27 00:00,11.42,4.63,519,139126,5444.98
2020-05-28 00:00,10.13,3.29,905,151259,5732.06
2020-05-29 00:00,10.67,1.5,902,142674,5546.55
2020-05-30 00:00,14.5,2.46,882,110785,4754.35
2020-05-31 00:00,14.08,2.63,795,100396,4543.12
2020-06-01 00:00,15.04,1.5,837,97519,4487.85
2020-06-02 00:00,16.33,1.58,826,89132,4266.4
2020-06-03 00:00,15.58,2.08,551,88387,4277.4
2020-06-04 00:00,12.13,3.21,12,107757,4679.92
2020-06-05 00:00,10.63,3.71,280,123234,5039.33
2020-06-06 00:00,9.33,4.54,280,136002,5287.07
2020-06-07 00:00,10.79,1.83,228,141931,5309.11
2020-06-08 00:00,10.17,2.13,405,152210,5570.06
2020-06-09 00:00,10.21,1.25,189,151726,5690.47
2020-06-10 00:00,13.83,1.83,161,136282,5396.29
2020-06-11 00:00,17.08,4.46,266,109800,4873.77
2020-06-12 00:00,16.04,5.04,6,819485,4650.94
2020-06-13 00:00,16.96,4.83,54,97633,4548.09
2020-06-14 00:00,16.88,5.08,905,90559,4428.81
2020-06-15 00:00,16.83,1.79,936,86442,4341.14
2020-06-16 00:00,17.92,1.46,904,78606,4182.86
2020-06-17 00:00,18.38,1.58,376,73862,4057.67
2020-06-18 00:00,18.25,1.79,482,71970,4085.07
2020-06-19 00:00,15.67,2.5,5,77511,4270.47
2020-06-20 00:00,15.79,4.04,210,80786,4280.54
2020-06-21 00:00,16.33,1.96,722,80663,4317.42
2020-06-22 00:00,15.54,3.67,707,80687,4228.51
2020-06-23 00:00,15.88,1.88,944,82212,4206.76
2020-06-24 00:00,18.79,1.38,859,73278,3858.15
2020-06-25 00:00,20.33,3.38,911,65829,3792.7
2020-06-26 00:00,21.46,3.21,883,60637,3681.2
2020-06-27 00:00,20.08,2.5,494,56160,3165.6
2020-06-28 00:00,16.04,3.71,233,62193,3462.92
2020-06-29 00:00,13.83,4.54,348,77507,4181.46
2020-06-30 00:00,13.29,6.04,81,89630,4485.44
2020-07-01 00:00,14.21,2.92,125,95941,4626.28
2020-07-02 00:00,13.58,3.13,548,93394,4555.91
2020-07-03 00:00,12.08,3.5,127,103466,4953.69
2020-07-04 00:00,14.67,5.04,0,103492,4763.84
2020-07-05 00:00,14.67,6.96,95,175756.56,4731.15
2020-07-06 00:00,12.08,7.17,374,119864,5223.45
2020-07-07 00:00,11.42,4.71,251,129210,5662.13
2020-07-08 00:00,11.17,4.25,339,132539,5820.54
2020-07-09 00:00,11.96,1.88,534,115760,5394.19
2020-07-10 00:00,10.79,3.38,282,120872,5631.41
2020-07-11 00:00,12.04,5.17,520,117824,5476.34
2020-07-12 00:00,12.83,4.21,239,116071,5421.51
2020-07-13 00:00,13.96,2.96,357,112611,5389.56
2020-07-14 00:00,13.58,2.67,131,105582,5165.82
2020-07-15 00:00,13.08,2.13,267,107373,5197.91
2020-07-16 00:00,13.96,1.79,434,97862,4952.66
2020-07-17 00:00,14.79,1.83,505,92367,4833.19
2020-07-18 00:00,17.33,2.29,201,77425,4614.87
2020-07-19 00:00,17,2.33,57,74429,4374.65
2020-07-20 00:00,13.5,3.92,481,89264,4716.8
2020-07-21 00:00,12.83,4.17,553,94727,4863.32
2020-07-22 00:00,12.21,3.38,513,95581,4896
2020-07-23 00:00,12.13,2.5,53,104649,5060.57
2020-07-24 00:00,14.33,4.5,291,98712,4842.76
2020-07-25 00:00,14.83,2.08,237,92756,4605.5
2020-07-26 00:00,15.75,4.17,157,86719,4515.4
2020-07-27 00:00,15.13,3.08,240,94475,4769.41
2020-07-28 00:00,14.67,5.29,214,95013,4756.48
2020-07-29 00:00,12.54,5.88,75,117758,5843.82
2020-07-30 00:00,13.38,5.17,312,120698,6171.88
2020-07-31 00:00,15.63,1.75,771,102013,4689.57
2020-08-01 00:00,18.13,3.75,551,77800,4116.81
2020-08-02 00:00,15.21,3.29,162,79602,4176.22
2020-08-03 00:00,13.46,2.46,588,3313293,4424.7
2020-08-04 00:00,12.96,2.42,653,97110,4579.56
2020-08-05 00:00,15.88,4,59,91292,4449.34
2020-08-06 00:00,19.83,2.25,428,80321,4182.67
2020-08-07 00:00,21.67,1.71,787,69782,3953.27
2020-08-08 00:00,21.83,1.13,632,57775,3381.68
2020-08-09 00:00,21.04,1.38,664,54254,3428.59
2020-08-10 00:00,21.67,2.21,761,58266,3611.06
2020-08-11 00:00,21.79,2.71,739,55331,3613.46
2020-08-12 00:00,20.38,3.58,786,56082,3573.92
2020-08-13 00:00,20.25,2.38,830,57554,3650.36
2020-08-14 00:00,19.08,1.63,814,56665,3643.94
2020-08-15 00:00,19.38,1.25,720,53067,3777.88
2020-08-16 00:00,21.79,2.54,725,50542,3953.73
2020-08-17 00:00,21.92,3.21,763,51762,3475.27
2020-08-18 00:00,17.88,1.38,268,54572,3555.37
2020-08-19 00:00,17.42,1.25,505,59644,3642.32
2020-08-20 00:00,17.83,2.08,63,61777,3761.89
2020-08-21 00:00,19.88,4.63,251,61720,3714.74
2020-08-22 00:00,17.38,4.5,293,61950,3720.09
2020-08-23 00:00,14.54,3.33,293,72128,3816.27
2020-08-24 00:00,13.25,1.96,250,87507,4085.37
2020-08-25 00:00,12.96,2.58,335,96143,4503.35
2020-08-26 00:00,15.42,3.17,59,86820,4263.98
2020-08-27 00:00,13.38,3.29,275,97323,4662.75
2020-08-28 00:00,13,2.79,14,109937,4910.2
2020-08-29 00:00,13.58,1.04,96,104025,4629.04
2020-08-30 00:00,13.54,2.25,392,101687,4683.21
2020-08-31 00:00,13.08,1.38,455,104810,4800.22
2020-09-01 00:00,12.29,1.67,649,111414,4959.67
2020-09-02 00:00,13.96,1.38,635,104033,4759.85
2020-09-03 00:00,12.75,3.08,150,111379,4924.06
2020-09-04 00:00,14.5,3.71,227,106949,4840.23
2020-09-05 00:00,11.92,3.25,315,113096,5000.81
2020-09-06 00:00,10.58,2.79,412,1090885,5273.5
2020-09-07 00:00,11.96,3.04,414,132704,5539.71
2020-09-08 00:00,15.5,4.67,277,109934,4966.42
2020-09-09 00:00,14.92,5.46,145,107132,4832.97
2020-09-10 00:00,11.25,3.29,411,125438,5355.16
2020-09-11 00:00,12.63,3.33,65,132493,5375.5
2020-09-12 00:00,13.5,4.21,84,121825,5097.02
2020-09-13 00:00,14.96,4.79,2,123246,5173.79
2020-09-14 00:00,16.29,2.42,594,108593,4852.14
2020-09-15 00:00,16.67,1.04,589,33651299,4594.6
2020-09-16 00:00,12.71,3.58,318,102502,4777.47
2020-09-17 00:00,9.21,1.38,670,136690,5604.47
2020-09-18 00:00,8.75,0.92,685,150782,5942.04
2020-09-19 00:00,9.42,0.38,280,149897,5843.98
2020-09-20 00:00,9.5,0.46,178,154466,5882.35
2020-09-21 00:00,10.71,0.83,369,153340,5924.52
2020-09-22 00:00,11.25,1.29,536,2240742,5740.39
2020-09-23 00:00,13.75,2.92,206,122594,5215.68
2020-09-24 00:00,13.46,5.21,302,124044,5239.99
2020-09-25 00:00,11.54,3.25,1,149420,5750.04
2020-09-26 00:00,12.13,3.67,11,152286,5765.19
2020-09-27 00:00,16.17,5.42,235,125837,5186.52
2020-09-28 00:00,14.04,2.96,25,128934,5278.72
2020-09-29 00:00,12.79,2.42,28,148231,5676.25
2020-09-30 00:00,13.13,2.33,65,144628,5605.46
2020-10-01 00:00,13.67,5,136,147988.78,5701.95
2020-10-02 00:00,13.88,5.33,36,143663.56,5566.41
2020-10-03 00:00,14.71,8.17,40,138836.41,5381.11
2020-10-04 00:00,12.38,3.38,281,132419.69,5281.71
2020-10-05 00:00,10.79,3.25,258,162000.96,6033.12
2020-10-06 00:00,10.38,2.79,50,177853.97,6348.88
2020-10-07 00:00,11.08,2.21,143,173466.55,6130.55
2020-10-08 00:00,9.67,2.79,7,198291.88,6601.34
2020-10-09 00:00,8.54,2.58,130,220340.77,7256.82
2020-10-10 00:00,7.58,2.88,175,214772.64,7145.79
2020-10-11 00:00,6.83,1.63,288,217044.69,7299.99
2020-10-12 00:00,6.88,1.13,53,248231.42,8122.16
2020-10-13 00:00,8.25,1.63,336,221952.73,7473.48
2020-10-14 00:00,7.13,4.54,279,239141.89,7952.11
2020-10-15 00:00,6.75,3,130,252246.72,8246.13
2020-10-16 00:00,6.29,1.67,360,254775,8331.81
2020-10-17 00:00,8,2.83,418,235346.86,7858.53
2020-10-18 00:00,6.58,3.5,400,222778.27,7533.43
2020-10-19 00:00,5.96,1.63,266,270293.21,8651.48
2020-10-20 00:00,8.42,3.58,2,264763.03,8312.01
2020-10-21 00:00,12.17,4.25,1,300826.33,7343.5
2020-10-22 00:00,12.25,6.75,92,207470.93,6830.98
2020-10-23 00:00,10.42,3.33,115,220683.64,7017.64
2020-10-24 00:00,10.71,3.79,251,204154.01,6570
2020-10-25 00:00,11.29,4.63,0,214409.12,6900.87
2020-10-26 00:00,8.96,3.38,23,240217.38,7435.88
2020-10-27 00:00,8.29,4.71,129,259971.26,8039.61
2020-10-28 00:00,8.75,4.17,234,259595.66,8095.25
2020-10-29 00:00,8.17,2.42,330,253195.1,7929.63
2020-10-30 00:00,10.5,2.79,0,242485.64,7645.98
2020-10-31 00:00,10.71,2.54,103,215913.53,6993.87
2020-11-01 00:00,10.92,4.71,98,217901.6,6990.54
2020-11-02 00:00,13.29,8.75,0,207120.15,6852.9
2020-11-03 00:00,8.79,5.04,287,247977.43,8038.74
2020-11-04 00:00,7.5,4.71,303,273150.63,8608.39
2020-11-05 00:00,9.58,5.54,0,272887,8400.19
2020-11-06 00:00,10.96,3.25,229,230110.05,7363.04
2020-11-07 00:00,6.92,1.29,74,238392.62,7509.28
2020-11-08 00:00,5.17,1.5,425,279266.02,8636.91
2020-11-09 00:00,6.21,3.38,2,297575.26,9091.82
2020-11-10 00:00,5.63,3,0,312135.46,9436.55
2020-11-11 00:00,4.54,2.13,0,326863.09,9883.41
2020-11-12 00:00,7.17,3.46,0,304839.65,9308.84
2020-11-13 00:00,7.33,2.63,125,295299.37,9037.96
2020-11-14 00:00,7.33,2.42,140,280820.22,8666.3
2020-11-15 00:00,10.96,4.46,174,234339.04,7474.14
2020-11-16 00:00,8.83,4.29,94,264470,8138.8
2020-11-17 00:00,10.25,5.33,0,267187,8187.9
2020-11-18 00:00,10.88,7.08,0,258800,7980.86
2020-11-19 00:00,5.63,7.04,146,307319,9294.06
2020-11-20 00:00,2.75,2.46,252,359398,10950.04
2020-11-21 00:00,8.04,6.79,0,310704,9415.19
2020-11-22 00:00,7.04,5.46,233,301766,9281.08
2020-11-23 00:00,6.33,4.13,240,323097,9778.65
2020-11-24 00:00,8.83,5.17,0,299100,9091.06
2020-11-25 00:00,6.46,3.38,11,311354,9395.62
2020-11-26 00:00,6.04,2.58,284,295083,9033.01
2020-11-27 00:00,1.63,0.25,200,360479,10803.61
2020-11-28 00:00,0.29,1.96,35,389356,11706
2020-11-29 00:00,0.25,1.04,0,392735,11829.63
2020-11-30 00:00,0.92,3.21,0,413281,12311.54
2020-12-01 00:00,3.29,1.58,8,386094,11543.82
2020-12-02 00:00,2.92,1.58,1,373560,11132.33
2020-12-03 00:00,1.17,4.83,2,403007,11976.97
2020-12-04 00:00,1.71,5.25,0,412276,12287.67
2020-12-05 00:00,3.04,3.71,1,378409,11385.63
2020-12-06 00:00,3.75,3,0,371344,11230.76
2020-12-07 00:00,5.5,5.13,0,354912,10687
2020-12-08 00:00,4.13,2.08,60,363878,10880.48
2020-12-09 00:00,3.38,2.38,0,372783,11201.95
2020-12-10 00:00,2.54,2.54,0,381217,11437.29
2020-12-11 00:00,1.46,5.08,0,408042,12195.01
2020-12-12 00:00,2.5,4.38,0,389502,11646.73
2020-12-13 00:00,2.63,3.67,6,385925,11626.15
2020-12-14 00:00,5.63,4.63,0,380704,11535.46
2020-12-15 00:00,7,2.46,0,334147,10388.13
2020-12-16 00:00,5.96,2.67,27,341498,10363.48
2020-12-17 00:00,6.71,3.96,2,336846,10281.87
2020-12-18 00:00,6.5,4.5,8,338686,10502.16
2020-12-19 00:00,5,3.54,301,327336,10289.74
2020-12-20 00:00,7.38,3.71,4,310498,9868.93
2020-12-21 00:00,5.75,4.08,89,331848,10434.65
2020-12-22 00:00,6.21,4.5,10,329009,10213.27
2020-12-23 00:00,2.38,0.83,3,366179,10961.6
2020-12-24 00:00,0.71,2.88,112,405706,11955.27
2020-12-25 00:00,-1.38,1.25,336,433432,13113.28
2020-12-26 00:00,3.08,4.83,0,409927,12215.17
2020-12-27 00:00,2.96,8.38,0,401230,11760.42
2020-12-28 00:00,2.13,2.92,0,401836,11727.59
2020-12-29 00:00,1.33,1.58,0,398249,11649.98
2020-12-30 00:00,2.71,1.5,0,388156,11430.5
2020-12-31 00:00,1.42,1.5,15,393859,11980.38
2021-01-01 00:00,0.21,0.67,34,403789,11811.96
2021-01-02 00:00,-0.92,1,14,432945,12705.21
2021-01-03 00:00,0.54,3.92,10,440531,12962.49
2021-01-04 00:00,0,4.5,0,468659,13832.28
2021-01-05 00:00,0.33,3.88,1,460847,13704.74
2021-01-06 00:00,0,3.79,0,465996,18930.2
2021-01-07 00:00,0,2.75,0,452695,13735.03
2021-01-08 00:00,0,2.75,52,453398,13663.93
2021-01-09 00:00,0.17,1.33,20,440507,13275.25
2021-01-10 00:00,1.04,2.67,4,428448,12901.95
2021-01-11 00:00,4.42,6.29,2,409233,12337.46
2021-01-12 00:00,0.71,3.71,124,421470,12954.31
2021-01-13 00:00,0.58,6.21,105,445509,13496.36
2021-01-14 00:00,-0.63,3.5,0,483337,14562.21
2021-01-15 00:00,-1.83,1.5,0,489410,14481.36
2021-01-16 00:00,-1.96,1.58,55,474999,14038.26
2021-01-17 00:00,-0.54,2.17,67,465753,13809.78
2021-01-18 00:00,1,2.5,5,456393,13512.49
2021-01-19 00:00,2.88,2.17,14,418965,12347.28
2021-01-20 00:00,5.88,7,0,388975,11447.72
2021-01-21 00:00,5.46,8.75,74,385985,11394.63
2021-01-22 00:00,4,6.63,125,398674,11815.22
2021-01-23 00:00,1.71,2.79,20,407771,12053.47
2021-01-24 00:00,0.63,0.79,111,399478,11888.76
2021-01-25 00:00,-0.92,0.83,171,449366,13342.12
2021-01-26 00:00,-0.67,1.25,377,448094,13422.31
2021-01-27 00:00,0.83,2.46,1,437059,12947.89
2021-01-28 00:00,-2.08,1.04,226,461018,13510.09
2021-01-29 00:00,-1.58,3.46,18,480490,13920.59
2021-01-30 00:00,-2.21,1.88,333,456235,13107.48
2021-01-31 00:00,-1.04,1.79,274,434767,12483.27
2021-02-01 00:00,-2.92,1.46,300,461461,13272.61
2021-02-02 00:00,-3.67,1,41,506511,14115.11
2021-02-03 00:00,-1.17,6.25,1,503240,13767.01
2021-02-04 00:00,-3.13,4.88,208,519814,14270.98
2021-02-05 00:00,-3.04,6.54,132,545264,14866.22
2021-02-06 00:00,-4.04,6.54,403,535458,14783.49
2021-02-07 00:00,-3,8.17,39,557120,15306.01
2021-02-08 00:00,-2.88,7.38,95,563316,15494.21
2021-02-09 00:00,-4.04,4.96,49,564630,15488.76
2021-02-10 00:00,-6.04,2.92,375,552160,15003.56
2021-02-11 00:00,-7.17,3.25,399,573142,15482.96
2021-02-12 00:00,-9,1.29,483,580225,15868.94
2021-02-13 00:00,-8.67,0.08,471,554439,15014.3
2021-02-14 00:00,-5.67,2.25,476,545352,14741.57
2021-02-15 00:00,-0.96,3.96,15,525414,13999.95
2021-02-16 00:00,0.08,2.96,0,486559,12999.39
2021-02-17 00:00,2.13,1.83,0,430615,11724.41
2021-02-18 00:00,4.04,3.71,84,392242,10668.3
2021-02-19 00:00,3.58,3.54,314,378991,10401.04
2021-02-20 00:00,6.38,3.17,108,344130,9612.86
2021-02-21 00:00,6.46,1.88,300,319484,9110.42
2021-02-22 00:00,6.5,2.92,366,341231,9464.79
2021-02-23 00:00,6.67,2.71,0,341492,9390.93
2021-02-24 00:00,10.08,6.38,73,315055,8794.77
2021-02-25 00:00,6.96,4.83,164,314914,9043.49
2021-02-26 00:00,4.58,5.21,276,342237,9766.6
2021-02-27 00:00,5.46,3.83,390,300469,8859.17
2021-02-28 00:00,3.71,3.83,140,333564,9872.87
2021-03-01 00:00,3.75,3.13,381,342240,9822.01
2021-03-02 00:00,1,1,242,365961,10375.86
2021-03-03 00:00,1.29,2.04,167,364675,10400.33
2021-03-04 00:00,1.5,3.42,399,347774,9970.68
2021-03-05 00:00,-0.5,1.17,572,389595,11089.6
2021-03-06 00:00,2.33,6,194,382721,10670.32
2021-03-07 00:00,2.04,4.83,276,374000,10517.75
2021-03-08 00:00,-0.79,1.33,557,410097,11535.62
2021-03-09 00:00,0.08,1.75,594,391251,11071.91
2021-03-10 00:00,0.88,4.83,45,420172,11702.13
2021-03-11 00:00,4.71,8.17,0,387484,10874.93
2021-03-12 00:00,3.75,6.13,18,385029,10811.89
2021-03-13 00:00,2.54,3.42,14,374806,10530.41
2021-03-14 00:00,3.58,5.29,193,366368,10430.79
2021-03-15 00:00,3.33,5.08,133,384056,10983.09
2021-03-16 00:00,2.33,2.83,421,362615,10472.95
2021-03-17 00:00,2.17,1.67,309,366380,10608.1
2021-03-18 00:00,1.92,1.75,428,360578,10574.33
2021-03-19 00:00,0.29,2.46,388,383529,11082.29
2021-03-20 00:00,2.83,5.67,10,391603,11046.78
2021-03-21 00:00,4,5.67,504,344781,10079.84
2021-03-22 00:00,4.04,4.33,41,366605,10516.59
2021-03-23 00:00,4.58,4.13,1,361526,10546.57
2021-03-24 00:00,6,4.38,43,340916,10251.06
2021-03-25 00:00,5.04,3.33,209,335049,10298.33
2021-03-26 00:00,6.96,3.79,20,325842,9937.71
2021-03-27 00:00,4.83,4.46,223,303969,9323.96
2021-03-28 00:00,5.63,6,3,327994,9706.25
2021-03-29 00:00,7.88,6.63,5,327752,9817.36
2021-03-30 00:00,8.58,4.25,641,265781,8404.78
2021-03-31 00:00,8.88,2.42,600,236748,7849.66
2021-04-01 00:00,6.17,4.04,389,240879,7932.14
2021-04-02 00:00,5.13,4.67,505,271604,8507.11
2021-04-03 00:00,4.04,1.54,688,276719,8799.62
2021-04-04 00:00,4.96,6.83,4,294698,9180.62
2021-04-05 00:00,1.58,8.21,332,354813,10094.04
2021-04-06 00:00,2.17,7.13,360,369760,10488.52
2021-04-07 00:00,3.13,6.5,263,355051,10132.46
2021-04-08 00:00,3.21,6.54,105,384497,10855.15
2021-04-09 00:00,4.17,7.54,344,329503,9573.72
2021-04-10 00:00,3,3.21,547,322122,9504.24
2021-04-11 00:00,1.13,4.33,9,355889,10316.89
2021-04-12 00:00,2.58,4.96,410,358312,10278.29
2021-04-13 00:00,3.67,5.5,395,338497,9661.19
2021-04-14 00:00,3.33,2.17,435,326192,9295.95
2021-04-15 00:00,4,2.21,523,325813,9379.82
2021-04-16 00:00,5.29,2.54,588,293691,8732.28
2021-04-17 00:00,7.08,3,461,264294,7984.51
2021-04-18 00:00,9.25,2.46,613,219105,6934
2021-04-19 00:00,10.21,2.58,792,200710,6476.93
2021-04-20 00:00,9.21,2.13,787,187487,6220.04
2021-04-21 00:00,6.08,7.79,386,218393,6913.09
2021-04-22 00:00,5.83,7.21,548,262820,7908.27
2021-04-23 00:00,5.63,4.88,588,253049,7742.06
2021-04-24 00:00,4.54,3.54,743,241851,7498.31
2021-04-25 00:00,3.63,2.42,641,252897,7784.57
2021-04-26 00:00,3.63,1.04,525,265016,7986.29
2021-04-27 00:00,4.58,1.79,700,258305,7833.39
2021-04-28 00:00,6.29,3.42,446,246765,7542.55
2021-04-29 00:00,7.04,4.67,106,264003,7870.69
2021-04-30 00:00,5.92,2.17,21,272534,8017.29
2021-05-01 00:00,7.42,2.79,194,234439,7097.75
2021-05-02 00:00,6.63,2.63,60,245910,7381.66
2021-05-03 00:00,6.21,4.08,427,262166,7784.7
2021-05-04 00:00,6.08,4.96,10,268769,8034.9
2021-05-05 00:00,5.83,4,51,269197,8249.62
2021-05-06 00:00,4.5,3.79,114,282510,8810.85
2021-05-07 00:00,4.71,3.33,277,277055,8708.49
2021-05-08 00:00,7.21,4.13,469,248736,7967.74
2021-05-09 00:00,13.75,4.63,426,188313,6565.57
2021-05-10 00:00,13.63,3.42,287,156469,5889.78
2021-05-11 00:00,11.04,2.54,44,179293,6378.7
2021-05-12 00:00,10.13,3.29,7,196992,6550.52
2021-05-13 00:00,9.42,2.63,6,208839,6511.14
2021-05-14 00:00,8.96,2.83,20,215793,6609.35
2021-05-15 00:00,7.13,2.75,24,235025,7463.09
2021-05-16 00:00,9.08,2,99,225381,6880.02
2021-05-17 00:00,9.42,2.33,214,215589,17222.01
2021-05-18 00:00,8.71,2.42,154,212924,9480.46
2021-05-19 00:00,8.13,3.13,363,216725,7263.58
2021-05-20 00:00,8.71,4.46,386,207773,6622.54
2021-05-21 00:00,9.25,4.33,99,199891,6480.85
2021-05-22 00:00,9.04,4.88,6,214197,6614.85
2021-05-23 00:00,8.42,6.13,262,223908,6904.87
2021-05-24 00:00,9.92,2.88,9,220680,6815.6
2021-05-25 00:00,9.75,1.88,24,214477,6688.18
2021-05-26 00:00,9.08,2.96,2,221114,6848.66
2021-05-27 00:00,9.96,3.63,231,209015,6583.09
2021-05-28 00:00,9.21,3.42,187,202385,6449.28
2021-05-29 00:00,11.54,2.71,627,179773,5948.2
2021-05-30 00:00,12.58,1.42,830,143985,5181.61
2021-05-31 00:00,12.63,2.46,819,135094,5005.14
2021-06-01 00:00,12.79,1.79,488,127549,4836.22
2021-06-02 00:00,13.33,4.04,419,124363,4692.33
2021-06-03 00:00,16.5,5.5,320,112395.01,4383.34
2021-06-04 00:00,16.5,3.29,718,99639,4070.46
2021-06-05 00:00,17.46,3.13,471,87433,3840.64
2021-06-06 00:00,14.83,1.33,42,882673,4330.74
2021-06-07 00:00,14.54,2.08,468,107778,4581.8
2021-06-08 00:00,14.46,2.75,762,102829,4554.22
2021-06-09 00:00,14.79,2.17,751,95140,4312.79
2021-06-10 00:00,16.29,2.13,783,88273,4126.51
2021-06-11 00:00,16.21,3.38,126,84914,4306.96
2021-06-12 00:00,13.33,5.96,340,96066.05,4393.94
2021-06-13 00:00,14,5.63,665,104397.02,4675.99
2021-06-14 00:00,14.46,4.38,301,96674,4321.27
2021-06-15 00:00,12.63,2.71,716,107975.01,4429.75
2021-06-16 00:00,14.67,1.92,908,100137,4221.74
2021-06-17 00:00,21.67,3.79,737,77294,3651.95
2021-06-18 00:00,18.42,2.63,356,70578,3559.04
2021-06-19 00:00,17.38,3.33,364,69352,3509.89
2021-06-20 00:00,14.08,4.17,48,85100.02,3886.56
2021-06-21 00:00,12.21,3.13,6,106231.03,4365.23
2021-06-22 00:00,13.25,3.92,139,216838.16,4694.32
2021-06-23 00:00,13.33,2.71,223,117730.15,4560.5
2021-06-24 00:00,13.29,2.04,612,2205896.06,4455.43
2021-06-25 00:00,13.79,1.83,363,101096.02,4270.61
2021-06-26 00:00,15.88,2,305,83747.82,3956.93
2021-06-27 00:00,14.21,3.04,346,90280.02,4014.18
2021-06-28 00:00,15.54,1.71,943,93043.03,4091.83
2021-06-29 00:00,14.83,2.38,203,89065.04,4091.6
2021-06-30 00:00,15.67,2.17,76,87831.12,4065.98
2021-07-01 00:00,16.96,2.88,409,91152.05,3988.27
2021-07-02 00:00,15.08,2.71,243,84970.01,4067.49
2021-07-03 00:00,15.75,2.13,5,86559.03,4120.8
2021-07-04 00:00,17.67,1.17,505,146953.01,322430.13
2021-07-05 00:00,15.79,2.46,247,78723.01,3878.39
2021-07-06 00:00,16.46,3.5,167,85679.03,4164.38
2021-07-07 00:00,16.75,3.67,547,83186.01,4062.59
2021-07-08 00:00,17.33,1.54,651,78243,3935.61
2021-07-09 00:00,16.75,1.92,258,73898,3483.25
2021-07-10 00:00,15.13,3.92,158,79011,3786.73
2021-07-11 00:00,16.42,1.17,535,78300,3923.1
2021-07-12 00:00,20.04,4.17,506,70631,3771.83
2021-07-13 00:00,20.92,2.88,457,62601,3576.06
2021-07-14 00:00,22.54,1.83,707,58471,3463.21
2021-07-15 00:00,19.92,3.42,760,56748,3423.95
2021-07-16 00:00,20.71,2.79,890,57646,3611.87
2021-07-17 00:00,18.42,4.83,924,55990,3506.36
2021-07-18 00:00,15.63,5.71,312,63675.01,3694.28
2021-07-19 00:00,15.21,4.29,604,71474.01,3911.42
2021-07-20 00:00,15.25,4.88,124,74675.01,3989.87
2021-07-21 00:00,14.75,3.33,193,78912.01,4062.87
2021-07-22 00:00,15.38,3.08,259,78124.01,4001.36
2021-07-23 00:00,15.96,1.5,252,171526.01,3962.65
2021-07-24 00:00,18.46,2.88,600,70642.01,3833.95
2021-07-25 00:00,20,5.29,212,61915.01,3592.21
2021-07-26 00:00,19.42,1.92,87,61454.01,3519.61
2021-07-27 00:00,17.83,2.08,298,63407.01,3558.26
2021-07-28 00:00,16.67,3.54,139,69566,3695.55
2021-07-29 00:00,14.33,5.21,221,79548.01,3966.84
2021-07-30 00:00,16.29,5.33,219,80288.01,3976.45
2021-07-31 00:00,15.04,3.08,98,79775,3938.29
2021-08-01 00:00,14.58,4.33,328,85731.01,4127.56
2021-08-02 00:00,14.88,4.04,299,89536.02,4190.24
2021-08-03 00:00,13.67,2.54,129,92602.01,4292.41
2021-08-04 00:00,13.75,0.92,273,94513.01,4318.4
2021-08-05 00:00,14.83,2.71,199,95537.02,4338.4
2021-08-06 00:00,17,5.42,303,84509.01,4138.92
2021-08-07 00:00,16.08,2.96,381,76513.02,3991.62
2021-08-08 00:00,15.04,3.33,204,80810.01,4077.47
2021-08-09 00:00,15.67,3.58,296,85586.01,4188.72
2021-08-10 00:00,14.42,1.88,235,86376.01,4115.64
2021-08-11 00:00,15,2.25,491,87869,4013.36
2021-08-12 00:00,17.46,2.46,436,78262.03,10508.21
2021-08-13 00:00,16.42,4,254,76991.01,3499.83
2021-08-14 00:00,15.92,5,238,79348.04,3787.6
2021-08-15 00:00,14.71,3.33,289,83089.04,4154.26
2021-08-16 00:00,12.33,2.88,133,100708.01,4581.73
2021-08-17 00:00,14.96,6.17,309,103288.02,4637.48
2021-08-18 00:00,13.71,5.92,34,110871.01,4795.58
2021-08-19 00:00,13.92,4.83,258,114764.03,4893
2021-08-20 00:00,13.29,2.54,243,112839.02,4863.48
2021-08-21 00:00,12.83,1.21,473,108121.02,4690.16
2021-08-22 00:00,13.96,2.5,390,99033.29,4562.63
2021-08-23 00:00,14.75,1.54,698,100186.02,4593.62
2021-08-24 00:00,14.29,1.75,691,94266.03,4422.97
2021-08-25 00:00,14.25,5.17,137,98649.03,4398.73
2021-08-26 00:00,13.79,4.63,180,112953.01,4773.49
2021-08-27 00:00,14.54,5.13,55,116297.02,4750.05
2021-08-28 00:00,14.5,4,54,109378.11,4293.27
2021-08-29 00:00,15.71,3.42,186,102885.27,4390.06
2021-08-30 00:00,15.38,2.5,650,97571.02,4210.35
2021-08-31 00:00,14.63,1.5,648,96569.03,4509.03
2021-09-01 00:00,14.38,2.54,556,95930.03,4497.09
2021-09-02 00:00,14.88,2.21,358,93112.01,4423.71
2021-09-03 00:00,14.25,4.63,575,94311.02,4403.09
2021-09-04 00:00,13.54,2.67,690,91846,4344.68
2021-09-05 00:00,12.83,2.33,640,97697,4550.93
2021-09-06 00:00,12.54,1.04,128,107574,4788.9
2021-09-07 00:00,14.63,1.42,113,107222,4754.76
2021-09-08 00:00,17.25,1.58,618,88431,4277.3
2021-09-09 00:00,17.54,2.04,693,79780,4101.73
2021-09-10 00:00,16.71,1.71,43,79309,4052.82
2021-09-11 00:00,17.42,2.75,71,75282,3944.55
2021-09-12 00:00,15.83,4.58,231,81112,4136.24
2021-09-13 00:00,14.38,3.04,106,102091,4552.04
2021-09-14 00:00,14.33,1.13,173,100245,4526.37
2021-09-15 00:00,14.08,3.5,0,204034,4820.29
2021-09-16 00:00,14.42,2.88,40,108934,4659.26
2021-09-17 00:00,11.83,3.63,3,139258,5373.18
2021-09-18 00:00,13.42,2.46,0,4805,198.98
2021-09-19 00:00,11.17,2.83,56,143008,5403.89
2021-09-20 00:00,10.29,1.08,70,170974,6160.2
2021-09-21 00:00,11.83,3,121,166973,6004.38
2021-09-22 00:00,13.79,3.83,465,145030,5493.4
2021-09-23 00:00,13.46,8.17,98,138725,5158.93
2021-09-24 00:00,13.33,5.17,27,159805,5671.83
2021-09-25 00:00,13.04,2.46,405,130322,5085.51
2021-09-26 00:00,14,2.5,135,136197,5209.66
2021-09-27 00:00,15.21,3,15,129923,4883.57
2021-09-28 00:00,12.08,1.88,436,384027.66,5226.7
2021-09-29 00:00,12.13,3.17,90,146124,5606.97
2021-09-30 00:00,10.42,4.13,91,174130,6230.62
2021-10-01 00:00,11.75,6,2,188887,6657.2
2021-10-02 00:00,12.46,3.08,63,6466,250.05
2021-10-03 00:00,12.92,4.04,0,156701,5750.81
2021-10-04 00:00,11.88,3.92,113,185040,6697.24
2021-10-05 00:00,10.92,3.08,173,188998,7188.34
2021-10-06 00:00,10.92,1.96,267,177265,6470.73
2021-10-07 00:00,9.08,1.33,493,204221.39,6673.21
2021-10-08 00:00,9,1.71,397,194149,6836.99
2021-10-09 00:00,9.42,1.83,247,182984,6344.62
2021-10-10 00:00,8.38,2.21,215,211066,6956.79
2021-10-11 00:00,8.75,4.17,292,207308,6776.4
2021-10-12 00:00,5.79,1.79,459,236574,7517.38
2021-10-13 00:00,6.92,2.33,209,259434,8110.99
2021-10-14 00:00,11,4.88,80,220721,7044.18
2021-10-15 00:00,9.33,5.96,373,218664,7122.26
2021-10-16 00:00,7.92,3.46,156,229789,7301.09
2021-10-17 00:00,8.21,1.46,39,231181,7339.96
2021-10-18 00:00,10,2.13,0,225229,7163.3
2021-10-19 00:00,12.04,4,0,306462,7056.02
2021-10-20 00:00,13.04,4.92,9,182803,6144.45
2021-10-21 00:00,7.5,5.29,143,2330171,7251.75
2021-10-22 00:00,6.54,6,205,280055,8352.06
2021-10-23 00:00,7.04,3.21,255,409622,8337.51
2021-10-24 00:00,8.38,3.46,249,252179,7734.65
2021-10-25 00:00,8.13,3.21,33,808920,8245.42
2021-10-26 00:00,9.83,2.75,205,239121,7452.34
2021-10-27 00:00,13.25,6.92,0,215224,6903.57
2021-10-28 00:00,11.67,4.38,292,205691,6713.27
2021-10-29 00:00,10.08,3.63,363,221767,7013.26
2021-10-30 00:00,10.46,3.38,64,215959,6859.83
2021-10-31 00:00,10.13,3.83,111,234272,7336.02
2021-11-01 00:00,9.75,5.25,90,235730,7315.7
2021-11-02 00:00,6.75,2,217,261469,7925.95
2021-11-03 00:00,4.29,1.04,242,288578,8603.69
2021-11-04 00:00,4,1.83,12,326772,9644.29
2021-11-05 00:00,7.08,4.13,198,303417,9033.37
2021-11-06 00:00,9.54,5,2,267563,8144.01
2021-11-07 00:00,7.54,3.92,80,60263,1838.95
2021-11-08 00:00,6.38,1.71,46,292962,8853.57
2021-11-09 00:00,8.83,5.04,0,288498,8555.35
2021-11-10 00:00,9.71,2.88,6,254172,7889.69
2021-11-11 00:00,8.25,2.5,61,266161,8145.57
2021-11-12 00:00,7.13,3.04,0,285124,8544.32
2021-11-13 00:00,6.58,2.88,0,288899,8666.76
2021-11-14 00:00,7.29,2.92,0,289053,8706.33
2021-11-15 00:00,6.33,1.54,0,307096,9131.9
2021-11-16 00:00,4.38,1.71,0,324988,9662.09
2021-11-17 00:00,5.63,3.46,96,322650,9541.27
2021-11-18 00:00,9.38,5.58,0,300315,8982.26
2021-11-19 00:00,10.75,6.63,93,259299,7965.24
2021-11-20 00:00,9.54,6.08,1,256456,7791.39
2021-11-21 00:00,3.79,3,177,304672,9050.03
2021-11-22 00:00,3.17,2.21,296,366044,10833.58
2021-11-23 00:00,6.33,4.29,245,318369,9440.34
2021-11-24 00:00,6.67,3.46,51,317625,9418.68
2021-11-25 00:00,4.92,3.71,196,314168,9339.77
2021-11-26 00:00,2,3.46,83,363192,10603.63
2021-11-27 00:00,2.08,3.83,109,354097,10429.91
2021-11-28 00:00,1.25,1.54,2,367717,10800.26
2021-11-29 00:00,0.13,2.79,312,339691,9866.07
2021-11-30 00:00,2.13,5.67,200,334880,9656.22
2021-12-01 00:00,1.83,6.5,0,342361,9831.06
2021-12-02 00:00,0.04,4.04,275,435650,13120.08
2021-12-03 00:00,1.75,3.21,0,428514,12653.08
2021-12-04 00:00,1.58,3.08,5,405659,11813.7
2021-12-05 00:00,0.96,6.92,0,423862,12298.69
2021-12-06 00:00,-0.08,4.25,41,472608,13555.56
2021-12-07 00:00,0.92,5.46,5,459495,12960.52
2021-12-08 00:00,1.42,5.96,0,451995,12809.75
2021-12-09 00:00,0.88,3.71,2,440297,12475.47
2021-12-10 00:00,1.38,2.13,0,430567,12185.13
2021-12-11 00:00,0.42,1.46,131,419931,12040.8
2021-12-12 00:00,4.21,2.92,0,402113,11524.26
2021-12-13 00:00,7.42,3,0,355428,10318.54
2021-12-14 00:00,5.08,2.83,145,360607,10455.2
2021-12-15 00:00,7.75,5.13,40,343673,10265.34
2021-12-16 00:00,5.46,3.33,344,344044,10094.5
2021-12-17 00:00,6.21,3.96,2,349916,10146.48
2021-12-18 00:00,6.58,6.08,217,321847.45,9681.76
2021-12-19 00:00,4.29,5.13,262,337634.05,10084.59
2021-12-20 00:00,-1.38,0.96,338,437803.24,12749.35
2021-12-21 00:00,-1.63,0.96,98,478752.05,13982.19
2021-12-22 00:00,1.08,1.42,131,447447.04,13551.17
2021-12-23 00:00,-0.88,1.71,0,455340.05,13580.04
2021-12-24 00:00,-4.5,2.42,134,476379.06,14521.16
2021-12-25 00:00,-7.79,0.38,331,536907.15,16513.62
2021-12-26 00:00,-7.13,0.88,331,539309.16,16213.82
2021-12-27 00:00,-2.58,4.92,150,556147.1,16547.38
2021-12-28 00:00,0,3.96,0,487203.04,14466.85
2021-12-29 00:00,0.79,1.75,0,455453.04,13442.15
2021-12-30 00:00,7,4.67,4,390227.02,11834.59
2021-12-31 00:00,7.88,3.96,0,341224.09,10644.06
2022-01-01 00:00,8.17,3.96,0,316680.13,10011.19
2022-01-02 00:00,7.58,3.88,0,752053.17,9803.98
2022-01-03 00:00,6.63,6.29,4,474479.03,10410.29
2022-01-04 00:00,2.5,3.08,134,0.08,87.44
2022-01-05 00:00,1.54,3.92,83,410264.06,12286.98
2022-01-06 00:00,-0.71,1.75,333,457391.05,13820.62
2022-01-07 00:00,1.79,4.29,61,437492.68,13037.58
2022-01-08 00:00,1.67,3.71,146,415165.44,12453.57
2022-01-09 00:00,0.33,3.17,0,432521.31,12975.99
2022-01-10 00:00,1.17,2.46,26,451803.54,13803.85
2022-01-11 00:00,2.04,2.92,22,443343.15,13555.41
2022-01-12 00:00,3.83,3.58,31,421270.1,12910.78
2022-01-13 00:00,6.33,6.75,8,376836.12,11592.18
2022-01-14 00:00,4.5,6.13,288,369313.04,11553.68
2022-01-15 00:00,1.92,2.17,116,403369.08,12415.97
2022-01-16 00:00,4.46,6.13,5,382247.1,11813.48
2022-01-17 00:00,4.04,7.33,355,401057.03,12296.82
2022-01-18 00:00,4.71,4.54,113,388304.06,11875.42
2022-01-19 00:00,4.13,7.71,0,398847.05,12080.56
2022-01-20 00:00,-0.04,6.96,295,459346.06,13989.25
2022-01-21 00:00,2.17,3.67,130,451785.03,13732.3
2022-01-22 00:00,5.46,3.75,26,0.03,25.52
2022-01-23 00:00,5.58,3.54,2,358743.04,11097.91
2022-01-24 00:00,4.38,4.38,0,387458.04,11821.81
2022-01-25 00:00,5.38,4.25,35,370837.07,11344.94
2022-01-26 00:00,4.96,6.88,35,380931.07,11542.73
2022-01-27 00:00,5.58,11.08,94,380583.07,11436.56
2022-01-28 00:00,3.54,5.38,306,403143.05,12180.69
2022-01-29 00:00,6.46,12.08,19,363654.06,10977.64
2022-01-30 00:00,4.04,9.92,310,395307.08,12179.92
2022-01-31 00:00,1.54,2.13,44,407521.09,12386.39
2022-02-01 00:00,4.08,7.08,32,402474.16,12014.03
2022-02-02 00:00,3.88,6.83,311,398284.05,11939.24
2022-02-03 00:00,5.46,3.96,0,371627.53,11286.38
2022-02-04 00:00,3.79,4.83,1,374661.32,11404.18
2022-02-05 00:00,3.63,6.92,139,388445.38,11921.42
2022-02-06 00:00,3,4.92,83,371383.33,11749.36
2022-02-07 00:00,3.04,6.79,319,407052.04,12269.55
2022-02-08 00:00,5.96,6.38,288,359080.1,10939.98
2022-02-09 00:00,5.46,5.92,135,354969.01,10827.5
2022-02-10 00:00,2.96,4.21,189,403557.24,12295.08
2022-02-11 00:00,0.63,3.04,344,428084.14,12641.62
2022-02-12 00:00,1.83,5.75,115,411399.14,12382.61
2022-02-13 00:00,3.04,5.92,0,384761.06,11224.76
2022-02-14 00:00,6.67,7.42,2,379762.08,11176.95
2022-02-15 00:00,4.5,6.42,127,377834.48,11083.57
2022-02-16 00:00,5.17,6.75,1,381872.53,11265.09
2022-02-17 00:00,4.38,8.79,101,409266.1,11998.31
2022-02-18 00:00,2.83,5.13,7,397226.79,11704.93
2022-02-19 00:00,3.13,7.21,167,408854.07,12360.17
2022-02-20 00:00,3.33,5.38,0,380982.05,11368.64
2022-02-21 00:00,4.33,8.38,237,407468.05,12316.72
2022-02-22 00:00,3.42,5.33,49,391701.13,11580.96
2022-02-23 00:00,5.25,7.38,151,394861.57,11506.84
2022-02-24 00:00,3.08,5.21,11,402396.09,11747.65
2022-02-25 00:00,3,5.13,240,378941.8,11355.51
2022-02-26 00:00,1.96,1.21,493,372176.03,11556.9
2022-02-27 00:00,1.71,2.96,545,376487.04,11187.61
2022-02-28 00:00,2.46,3.58,550,415408.13,12174.21
2022-03-01 00:00,1.17,1.58,14,383051.22,11440.52
2022-03-02 00:00,1.79,0.96,378,327529.6,10914.77
2022-03-03 00:00,1.29,1.63,457,364753.09,11145.4
2022-03-04 00:00,0.71,1.79,468,377791.82,11396.46
2022-03-05 00:00,-0.17,1.38,377,367109.04,11504.82
2022-03-06 00:00,1.13,1.38,562,377131.46,11341.79
2022-03-07 00:00,0.5,0.88,589,343768.49,10182.11
2022-03-08 00:00,2.33,1.25,465,342125.03,10057.14
2022-03-09 00:00,2.46,3.13,553,341513.69,9984.45
2022-03-10 00:00,3.29,4.79,542,343980.41,10272.5
2022-03-11 00:00,3.21,6.88,613,330005.12,10192
2022-03-12 00:00,3.38,5,554,315083.78,9882.71
2022-03-13 00:00,4.21,4.79,591,320790.64,9690.38
2022-03-14 00:00,5.33,3.04,471,296561.7,9550.22
2022-03-15 00:00,4.67,1.63,333,341636.45,10177.32
2022-03-16 00:00,2.38,3.21,200,369865.09,10545.37
2022-03-17 00:00,4.29,5.63,61,324057.06,9499.03
2022-03-18 00:00,5.13,2.75,596,309256.45,9223.89
2022-03-19 00:00,3.75,2.46,629,309311.67,9184.73
2022-03-20 00:00,3.63,5.75,557,313455.06,9183.43
2022-03-21 00:00,4.83,3.42,475,292760.48,8780.39
2022-03-22 00:00,5.96,1.08,540,262924.13,8056.38
2022-03-23 00:00,6.63,2.13,635,262715.11,7987.87
2022-03-24 00:00,6.25,0.96,674,249805.12,7750.57
2022-03-25 00:00,6.83,3,575,221330.44,7051.5
2022-03-26 00:00,7.88,3.88,553,247393.62,7539.24
2022-03-27 00:00,4.75,4.08,510,300093.12,8819.62
2022-03-28 00:00,5.04,5.25,82,315762.86,9445.43
2022-03-29 00:00,2.96,4.04,422,352602.92,10332.1
2022-03-30 00:00,0.58,3.88,287,362520.73,10669.95
2022-03-31 00:00,1.13,4,589,364500.13,10798.46
2022-04-01 00:00,1.13,3.42,435,350521.43,10353.99
2022-04-02 00:00,0.79,2.83,486,336917.72,9940.13
2022-04-03 00:00,2.75,5.04,297,353575.09,10201.09
2022-04-04 00:00,4.5,9.42,76,349759.62,10179.4
2022-04-05 00:00,2.75,4.92,307,345360.18,9874.03
2022-04-06 00:00,4.88,5.21,23,320245.74,9149.39
2022-04-07 00:00,4.96,5.58,134,339770.11,9737.33
2022-04-08 00:00,3.17,7.38,395,324672.5,9386.22
2022-04-09 00:00,3.79,8.04,384,333093.15,9724.87
2022-04-10 00:00,3.17,6.58,368,331466.12,9696.22
2022-04-11 00:00,3.46,3,543,316807.6,9626.36
2022-04-12 00:00,5.58,4.96,384,253296.16,8211.88
2022-04-13 00:00,9.71,4.08,251,263160.75,8164.49
2022-04-14 00:00,6.79,3.83,1,300776.16,8818.98
2022-04-15 00:00,6.08,3.5,0,259176.5,7916.29
2022-04-16 00:00,6.5,1.25,628,231259.34,7346.21
2022-04-17 00:00,7.13,1.21,770,211443.08,6714.57
2022-04-18 00:00,8.54,2.29,787,197003.08,6353.16
2022-04-19 00:00,8.71,1.67,747,176904.15,6146.76
2022-04-20 00:00,9.17,2.08,771,174616.49,5928.8
2022-04-21 00:00,9.67,3.58,788,167518.11,5866.89
2022-04-22 00:00,10.29,4.5,778,163974.49,5677.42
2022-04-23 00:00,9.17,4.42,795,174630.2,6087.36
2022-04-24 00:00,8.33,5,473,201959.51,6517.66
2022-04-25 00:00,6.88,2.38,632,211554.58,6714.85
2022-04-26 00:00,6.25,2.33,462,214491.2,6925.12
2022-04-27 00:00,7.42,2.17,584,194644.47,6421.56
2022-04-28 00:00,7.54,3.92,828,206117.15,6568.95
2022-04-29 00:00,7.42,3.83,345,193331.52,6385.29
2022-04-30 00:00,7.92,2.54,520,190974.26,6508.22
2022-05-01 00:00,6.42,2.08,479,190886.56,6371.49
2022-05-02 00:00,7.63,3.71,568,174658.87,5980.54
2022-05-03 00:00,9.67,2.92,686,171173.59,5945.52
2022-05-04 00:00,7.54,2.08,659,210973.12,6723.6
2022-05-05 00:00,6.63,2.54,206,198160.13,6338.83
2022-05-06 00:00,10.13,3.08,97,171468.45,5794.89
2022-05-07 00:00,9.33,4.79,562,171802.19,5993.11
2022-05-08 00:00,9.88,2.54,845,143705.34,5201.17
2022-05-09 00:00,12.04,3.25,774,144482.55,5231.46
2022-05-10 00:00,11.63,3.92,8,176782.31,6062.53
2022-05-11 00:00,10.29,4.29,0,168557.1,5846.4
2022-05-12 00:00,10.46,5.67,527,164234.15,5693.67
2022-05-13 00:00,10.71,5.46,92,155871.45,5814.76
2022-05-14 00:00,10.5,5.63,581,146239.9,5801.36
2022-05-15 00:00,10.83,1.83,528,136309.33,5199.6
2022-05-16 00:00,12.54,3.83,260,124661.33,4960.75
2022-05-17 00:00,14.29,4.08,549,107698.73,4881.67
2022-05-18 00:00,15.54,3.42,531,91938.02,4829.72
2022-05-19 00:00,14.38,1.58,156,113968.13,4810.39
2022-05-20 00:00,12.33,2.46,227,123808.22,5115.68
2022-05-21 00:00,11.25,5,234,118868.79,5075.31
2022-05-22 00:00,12.38,2.38,604,104586.11,4668.74
2022-05-23 00:00,14.46,5.29,731,112162.07,4985.23
2022-05-24 00:00,12.42,5,75,124948.46,5381.85
2022-05-25 00:00,12.04,5.08,371,120964.04,5332.18
2022-05-26 00:00,11.75,6.83,442,141665.06,5824.16
2022-05-27 00:00,9.21,6.88,436,147873.05,5918.75
2022-05-28 00:00,10.5,5.83,403,133214.09,5658.26
2022-05-29 00:00,10.29,3.42,611,153495.17,5992.63
2022-05-30 00:00,9.5,1.38,60,162127.18,6219.18
2022-05-31 00:00,9.75,1.54,146,149332.43,5828.7
2022-06-01 00:00,10.13,2.46,565,163148.26,6098.84
2022-06-02 00:00,9.83,4.88,0,162293.06,6120.52
2022-06-03 00:00,10.88,4.04,226,135327.15,5571.76
2022-06-04 00:00,11.83,1.96,452,119244.14,5242.99
2022-06-05 00:00,13.46,1.5,561,107928.16,4999.17
2022-06-06 00:00,14.08,3.96,245,137990.13,10151.1
2022-06-07 00:00,11.13,4.29,6,146267.29,5226.01
2022-06-08 00:00,12.42,2.46,45,125595.05,4930.84
2022-06-09 00:00,14.08,3.08,83,112298.06,4993.33
2022-06-10 00:00,14.54,3.63,276,100190.08,4723.26
2022-06-11 00:00,14.54,3.83,604,99690.04,4840.7
2022-06-12 00:00,13.42,4.38,306,115773.12,5184.89
2022-06-13 00:00,12.04,5,440,114922.1,5066.58
2022-06-14 00:00,13.17,4.29,192,1293787.29,4902.37
2022-06-15 00:00,12.67,2.71,414,105173.03,4507.18
2022-06-16 00:00,14.08,3.83,817,98225.03,4387.31
2022-06-17 00:00,15.75,3,194,86347.05,4124.14
2022-06-18 00:00,15.79,3.58,469,96073.5,4438.42
2022-06-19 00:00,11.88,2.38,278,106376.04,4521.81
2022-06-20 00:00,11.92,1.83,334,103196.22,4455.52
2022-06-21 00:00,13.46,4.17,474,100291.19,4330.45
2022-06-22 00:00,13.29,3.29,45,95297.14,4230
2022-06-23 00:00,16.5,1.54,655,75879.01,3740.54
2022-06-24 00:00,19.58,3.96,741,68033.04,3534.27
2022-06-25 00:00,18.79,1.17,528,65198.01,3486.45
2022-06-26 00:00,19.21,3.04,469,82992.03,3983.43
2022-06-27 00:00,13.21,2.29,0,88966.18,4016.9
2022-06-28 00:00,14.96,1.92,602,76979.17,3773.82
2022-06-29 00:00,17.08,2.63,799,66589.69,3490.42
2022-06-30 00:00,18.88,2.83,882,68635.01,3547.6
2022-07-01 00:00,15.71,3.25,64,72872.41,3570.46
2022-07-02 00:00,15.79,3.92,674,66276.53,3506.71
2022-07-03 00:00,17.38,2.79,488,72020.11,3567.61
2022-07-04 00:00,14.21,3.96,376,85412.11,3892.35
2022-07-05 00:00,13.42,3.79,324,88123.1,4050.99
2022-07-06 00:00,13.67,4.33,405,82672.05,3759.03
2022-07-07 00:00,15.08,5.29,472,86616.01,3974.46
2022-07-08 00:00,14.13,5.83,280,83550.73,3909.83
2022-07-09 00:00,13.58,6.21,280,87223.69,4008.51
2022-07-10 00:00,13.25,4.88,554,82275.11,3785.76
2022-07-11 00:00,14.88,2.33,819,70293.11,3420.96
2022-07-12 00:00,16.96,3.25,243,68403.14,3374.11
2022-07-13 00:00,16.25,4.71,591,79822.24,3654.09
2022-07-14 00:00,13.13,5.46,355,92632.01,4037.69
2022-07-15 00:00,13,5,314,89180.15,4026.95
2022-07-16 00:00,13.17,5.92,576,83276.13,3921.7
2022-07-17 00:00,15,4.29,250,72628.1,3638.53
2022-07-18 00:00,18.33,3.58,477,64154.11,3340.32
2022-07-19 00:00,20.92,1.58,834,52655.11,3090.68
2022-07-20 00:00,23.58,3.42,859,56328.13,3623.56
2022-07-21 00:00,16.38,3.29,110,74485.04,4010.28
2022-07-22 00:00,13.79,5.38,0,87101.09,4325.26
2022-07-23 00:00,12.83,3.88,22,84427.13,4040.47
2022-07-24 00:00,15.67,3.38,162,72543.03,3576.4
2022-07-25 00:00,17.92,3.33,116,83361.03,3938.4
2022-07-26 00:00,13.54,6.54,317,100258.02,4642.32
2022-07-27 00:00,12.63,6.04,54,98122.05,4571.28
2022-07-28 00:00,13.13,2.38,468,85247.03,4265.11
2022-07-29 00:00,14.71,1.25,707,71658.01,3725.04
2022-07-30 00:00,16.33,1.63,190,68942.04,4056.94
2022-07-31 00:00,16.33,1.08,20,78885.03,25973.98
2022-08-01 00:00,13.88,4.04,814,86132.02,5205.77
2022-08-02 00:00,14.13,3.29,192,73287.06,4919.8
2022-08-03 00:00,18.75,3.71,95,67354.09,5164.76
2022-08-04 00:00,18.67,3,354,84078.04,4783.21
2022-08-05 00:00,13.67,3.13,335,86616.74,4681.78
2022-08-06 00:00,12.83,4.04,432,89964.03,4828.46
2022-08-07 00:00,13.58,2.21,92,1430790.06,4655.58
2022-08-08 00:00,15.54,2.13,460,80992.01,4129.71
2022-08-09 00:00,15.67,1.63,427,77663.03,3912.9
2022-08-10 00:00,16.29,1,654,70459.13,3772.23
2022-08-11 00:00,18.88,0.88,779,62502.03,339210.32
2022-08-12 00:00,20.42,1.58,839,56374.11,3284.66
2022-08-13 00:00,21.21,1.38,782,52311.05,3246.08
2022-08-14 00:00,21.79,3.04,256,54763.08,3239.15
2022-08-15 00:00,21.83,3,566,54453.03,3102.59
2022-08-16 00:00,20.67,2.79,456,57856.02,3098.3
2022-08-17 00:00,18.96,1.42,282,64135.06,3663.33
2022-08-18 00:00,16.13,2.46,61,65871.05,3920.96
2022-08-19 00:00,17.29,1.33,303,58890.82,3694.92
2022-08-20 00:00,16.67,2.04,529,62808.83,4356.59
2022-08-21 00:00,14.96,3,442,74176.06,4178.58
2022-08-22 00:00,14.83,1,386,66097,3821.22
2022-08-23 00:00,19.58,3.88,431,61514.05,3654.16
2022-08-24 00:00,20.58,3.79,546,59418.02,3720.3
2022-08-25 00:00,19.88,3.75,632,57724.03,3458.25
2022-08-26 00:00,19.46,3.04,163,59481.11,3584.25
2022-08-27 00:00,16.17,3.42,405,67848.05,4040.22
2022-08-28 00:00,15.75,2.96,157,71950.1,4218.7
2022-08-29 00:00,15.46,3.67,676,77028.13,4380.84
2022-08-30 00:00,14.67,2.38,603,81808.03,4416.91
2022-08-31 00:00,13.58,2.17,568,85619.01,4489.21
2022-09-01 00:00,13.88,1.5,638,82906.01,4442.03
2022-09-02 00:00,13.96,2.63,616,73249.22,4168.33
2022-09-03 00:00,15.46,3.88,502,75131.01,4287.79
2022-09-04 00:00,15.96,4.17,506,75041.17,4231.96
2022-09-05 00:00,16.71,4.79,404,74647.02,4196.6
2022-09-06 00:00,16.29,5.71,389,80681.01,4202.52
2022-09-07 00:00,14.88,4.63,35,89621.04,4134.15
2022-09-08 00:00,14.58,6.21,54,88106.07,4412.55
2022-09-09 00:00,14.71,2.63,79,82765.13,4329.02
2022-09-10 00:00,14.42,2.38,174,90270.02,4590.36
2022-09-11 00:00,13.5,1.21,401,96406.36,4679.88
2022-09-12 00:00,13.88,2.92,76,1216829.3,4583.71
2022-09-13 00:00,13.96,5.42,265,104297.04,4740.33
2022-09-14 00:00,13.21,4.17,122,111469.03,4896.29
2022-09-15 00:00,11.58,6.21,492,114030.05,4763.05
2022-09-16 00:00,12.21,4.17,411,109948.14,4731.85
2022-09-17 00:00,11.38,4,229,126196.04,5142.24
2022-09-18 00:00,10.33,4,314,138198.45,5337.11
2022-09-19 00:00,9.83,2.13,489,149420.04,5455.76
2022-09-20 00:00,8.88,0.96,606,144797.07,5371.91
2022-09-21 00:00,8.88,1.5,570,141922.05,5276.47
2022-09-22 00:00,9.67,1.75,301,143106.05,5219.69
2022-09-23 00:00,11.29,1.92,108,127302.16,4896.58
2022-09-24 00:00,11.17,1.42,325,131427.03,5127.79
2022-09-25 00:00,10.29,2.04,401,146846.42,5375.81
2022-09-26 00:00,10.08,3.79,0,165998.28,5780.87
2022-09-27 00:00,8.63,1.5,2,181317.06,6118.62
2022-09-28 00:00,8.33,1.08,19,179428.05,6029.81
2022-09-29 00:00,9.79,3.92,112,179980.04,5999.02
2022-09-30 00:00,10.46,2.92,153,173538.05,5817.83
2022-10-01 00:00,10.21,3.83,75,163093.03,5717
2022-10-02 00:00,11.21,4.42,372,151543.06,5418.67
2022-10-03 00:00,11.42,3.88,351,144302.18,5260.43
2022-10-04 00:00,12.5,3.88,149,140120.16,5339.36
2022-10-05 00:00,13.75,6.5,0,153404.09,5755.92
2022-10-06 00:00,12.58,6.75,286,145838.05,5633.51
2022-10-07 00:00,13.25,6.46,91,156223.26,5911.21
2022-10-08 00:00,9.25,3.29,328,174193.17,6381.45
2022-10-09 00:00,8.96,2.5,434,187645.07,6348.86
2022-10-10 00:00,8.75,3.46,277,197986.13,6458.12
2022-10-11 00:00,8.79,3.29,300,189378.07,6458.35
2022-10-12 00:00,9.04,2.46,126,199624.12,6510.33
2022-10-13 00:00,9.83,2,4,178098.05,5437.24
2022-10-14 00:00,10.38,1.92,261,157095.1,4937.03
2022-10-15 00:00,11.92,2.83,170,161104.29,5122.14
2022-10-16 00:00,10.75,5,317,191772.05,5754.21
2022-10-17 00:00,11.17,3.46,6,181206.11,5597.59
2022-10-18 00:00,10.58,4.04,168,200210.21,6103.62
2022-10-19 00:00,6.67,1.5,515,221277.06,6578.74
2022-10-20 00:00,7.13,4.04,412,201875.05,6038.69
2022-10-21 00:00,10.33,2.04,0,171194.36,5416.49
2022-10-22 00:00,12.38,1.75,16,181716.33,5665.85
2022-10-23 00:00,10.5,2.58,107,171448.04,5389.91
2022-10-24 00:00,13,4.79,47,175419.08,5471.83
2022-10-25 00:00,11.63,3.63,73,187715.05,5757.32
2022-10-26 00:00,11.33,2.5,86,168158.12,5361.87
2022-10-27 00:00,13.46,2.83,116,148505.02,5067.88
2022-10-28 00:00,14.38,3.17,203,154868.27,5085.3
2022-10-29 00:00,11.88,2.79,284,154291.23,5244.7
2022-10-30 00:00,13.29,2.38,32,157953.06,5141.64
2022-10-31 00:00,11.96,2.13,209,176098.04,5453.07
2022-11-01 00:00,12.46,6.38,46,197298.12,6017.13
2022-11-02 00:00,9.46,4,129,216143.09,6562.4
2022-11-03 00:00,9.75,5.04,46,226392.07,6700.25
2022-11-04 00:00,9.04,6.13,38,217957.32,6594.96
2022-11-05 00:00,8.5,3.29,242,212537.22,6466.89
2022-11-06 00:00,9.63,5.25,64,220624.05,6676.75
2022-11-07 00:00,10.21,4.58,157,198688.05,6388.13
2022-11-08 00:00,11.83,4.83,72,206717.07,7047.77
2022-11-09 00:00,10.67,4.54,118,227122.08,7488.83
2022-11-10 00:00,10.58,5.13,9,197657.55,6372.13
2022-11-11 00:00,13.17,7.38,0,187259.11,5990.31
2022-11-12 00:00,12.13,2.83,0,209595.15,6827.01
2022-11-13 00:00,8.79,2.79,124,236483.11,7276.11
2022-11-14 00:00,8.33,5.04,10,250454.08,7514.14
2022-11-15 00:00,7.88,5.33,27,269829.14,8038.37
2022-11-16 00:00,8.04,8.88,0,316235.12,9375.14
2022-11-17 00:00,5.25,10.33,129,340099.13,10141.67
2022-11-18 00:00,3.33,6.42,90,371896.18,11031.65
2022-11-19 00:00,0.38,2.79,100,373142.42,11083.94
2022-11-20 00:00,-1,1.92,358,408577.12,12056.21
2022-11-21 00:00,-0.33,1.46,43,408245.22,11967.83
2022-11-22 00:00,1.21,5.08,0,369325.12,10721.38
2022-11-23 00:00,4.67,4.5,0,336243.11,9869.93
2022-11-24 00:00,5.88,3.13,2,614758.1,9688.4
2022-11-25 00:00,5.83,3.33,0,299997.61,28423.68
2022-11-26 00:00,5.79,1.83,239,306635.15,9245.25
2022-11-27 00:00,5.38,3.67,24,338780.13,10136.15
2022-11-28 00:00,4.83,5.42,0,353009.12,10351.97
2022-11-29 00:00,3.42,3.13,0,355752.12,10425.85
2022-11-30 00:00,3.38,2.71,57,371030.23,10792.51
2022-12-01 00:00,2.58,2.79,85,379683.12,11101.71
2022-12-02 00:00,2.33,3.38,27,387032.59,11360.95
2022-12-03 00:00,1.21,4.25,0,388455.74,11503.48
2022-12-04 00:00,2.17,5.08,4,394595.13,11780.7
2022-12-05 00:00,2.21,4.5,0,378943.15,11458.75
2022-12-06 00:00,0.71,1.25,220,407349.13,12038.69
2022-12-07 00:00,-1,2,206,444449.19,13123.62
2022-12-08 00:00,-2.71,1.54,339,428114.13,12500.06
2022-12-09 00:00,0,2.17,92,420333.55,12461.84
2022-12-10 00:00,-1.42,1.83,53,446020.13,13163.04
2022-12-11 00:00,-2.17,2.21,145,484505.16,14108.19
2022-12-12 00:00,-3.13,2.67,92,472799.14,13891.55
2022-12-13 00:00,-1.96,2.38,33,434585.92,12744.46
2022-12-14 00:00,-0.08,2.5,119,458611.83,13507
2022-12-15 00:00,-3.88,1.04,174,541883.21,15910.71
2022-12-16 00:00,-8.42,0.75,302,489183.11,13968.27
2022-12-17 00:00,-0.42,4.42,114,466308.13,13515.96
2022-12-18 00:00,-1.04,4.42,116,463418.22,13536.45
2022-12-19 00:00,1.46,4.63,0,367289.26,10778.64
2022-12-20 00:00,6.92,5.13,0,365968.69,10663.48
2022-12-21 00:00,4.79,3.63,13,354025.69,10702.51
2022-12-22 00:00,5.5,4.04,22,374604.23,10920.37
2022-12-23 00:00,1.08,1.67,335,427403.12,12265.58
2022-12-24 00:00,0.33,2.46,14,353633.2,10656.81
2022-12-25 00:00,5.08,2.88,0,346151.15,10164.25
2022-12-26 00:00,4.88,4.54,11,392176.12,11315.69
2022-12-27 00:00,2.08,3.71,150,359349.71,10360.37
2022-12-28 00:00,6.08,5.67,86,336897.38,9948
2022-12-29 00:00,6.88,6.92,17,361890.22,10705.69
2022-12-30 00:00,5.46,6.54,38,326394,9605.37
2022-12-31 00:00,6.96,3.67,0,293586.12,8656.73
2023-01-01 00:00,8.08,5.92,20,320898.33,9559.3
2023-01-02 00:00,5.88,2.92,4,360142.47,10527.84
2023-01-03 00:00,3.67,3.58,224,329025.27,9919.46
2023-01-04 00:00,7.38,7.63,0,357579.37,10272.98
2023-01-05 00:00,2.29,4.17,227,350571.19,10190.91
2023-01-06 00:00,6.08,5.13,92,313539.36,9174.39
2023-01-07 00:00,7.33,4.08,0,314377.33,9304.02
2023-01-08 00:00,6.25,3.88,16,332104.46,9717.55
2023-01-09 00:00,5,3.29,94,347264.44,9952.58
2023-01-10 00:00,4.79,4.25,141,333147.44,9591.87
2023-01-11 00:00,6.67,6.13,186,341065.19,9706.81
2023-01-12 00:00,5.33,3.54,30,342003.19,9731.37
2023-01-13 00:00,5.88,6.96,9,341418.34,9725.64
2023-01-14 00:00,5.17,5.42,3,359038.28,10097.54
2023-01-15 00:00,4.63,8.33,59,383454.36,10752.36
2023-01-16 00:00,2.46,3.38,24,395521.33,11048.89
2023-01-17 00:00,0.79,3.29,52,409455.28,11654
2023-01-18 00:00,0.29,3.08,245,423994.18,11979.72
2023-01-19 00:00,0.13,2.92,67,433335.21,12363.44
2023-01-20 00:00,-0.63,0.71,132,442289.15,12717.1
2023-01-21 00:00,-0.38,2.17,247,453160.15,13030.55
2023-01-22 00:00,-0.67,2.71,0,460632.2,13106.04
2023-01-23 00:00,-0.33,0.96,137,421169.16,12064
2023-01-24 00:00,1.29,2.92,169,410068.28,11559.8
2023-01-25 00:00,2.58,4.13,0,374542.24,10708.57
2023-01-26 00:00,2.58,2.83,290,429189.17,12318.27
2023-01-27 00:00,-1.46,1.21,349,428102.35,12338.4
2023-01-28 00:00,1.17,2.5,41,393739.08,11228.57
2023-01-29 00:00,4,6.04,12,391722.18,11076.05
2023-01-30 00:00,3.33,8.08,216,397006.34,11247.82
2023-01-31 00:00,3.83,7.21,23,393764.69,11223.63
2023-02-01 00:00,3.79,8.08,114,380255.29,10719.1
2023-02-02 00:00,2.42,2.08,369,375445.17,10612.3
2023-02-03 00:00,4.67,7.71,44,400195.49,11697.06
2023-02-04 00:00,0.25,2.29,220,400937.23,11479.19
2023-02-05 00:00,1.33,2.96,246,400375.2,11364.8
2023-02-06 00:00,1.83,1.08,111,400126.26,11722.13
2023-02-07 00:00,1.96,3.04,52,402909.31,11591.81
2023-02-08 00:00,0.92,3.21,289,405485.29,11487.59
2023-02-09 00:00,3.54,5.71,126,374439.19,178639.42
2023-02-10 00:00,4.75,5.79,36,321474.23,9337.27
2023-02-11 00:00,6.96,6.46,180,322056.12,9445.11
2023-02-12 00:00,6.42,3.83,0,340659.4,9978.18
2023-02-13 00:00,5.42,3.46,20,354241.04,10122.45
2023-02-14 00:00,3.42,1.71,14,368892.21,10477.73
2023-02-15 00:00,2.38,2.25,0,340905.27,9761.77
2023-02-16 00:00,4.96,2.79,96,6762115.18,9480.93
2023-02-17 00:00,6.67,10.08,34,338700.36,9851.9
2023-02-18 00:00,3.58,4.58,207,349947.27,10140.75
2023-02-19 00:00,3.13,4.5,329,350258.96,9951.71
2023-02-20 00:00,6.63,9.5,71,338191.21,9578.85
2023-02-21 00:00,5,4.79,234,342615.24,9563.02
2023-02-22 00:00,4.75,2.92,0,333903.57,9198.3
2023-02-23 00:00,4.38,3.83,137,339445.17,9558.28
2023-02-24 00:00,3.79,6.67,192,363641.28,10551.25
2023-02-25 00:00,0.79,5.5,409,377587.17,11135.08
2023-02-26 00:00,0.58,2.58,464,363102.68,10926.1
2023-02-27 00:00,2.42,1.33,532,341434.19,10186.57
2023-02-28 00:00,2,1.13,541,1782883.51,10083.32
2023-03-01 00:00,1.29,1.17,190,358412.32,10413.63
2023-03-02 00:00,2.13,1.46,491,330321.14,9644.68
2023-03-03 00:00,4.08,4.17,376,323980.25,9469.41
2023-03-04 00:00,2.83,5.38,364,349508.15,11031.42
2023-03-05 00:00,-0.54,2.54,509,383681.25,11183.66
2023-03-06 00:00,-0.54,2.58,328,399327.92,11360.5
2023-03-07 00:00,-0.83,5.54,193,409217.18,11703.74
2023-03-08 00:00,-1.58,0.75,484,402153.21,11519.7
2023-03-09 00:00,-1.29,1.63,440,402843.19,11435.89
2023-03-10 00:00,-0.42,1.96,145,385043.58,11125.01
2023-03-11 00:00,-0.63,3.58,371,406140.14,11575.7
2023-03-12 00:00,0.33,3.25,89,354361.13,10044.79
2023-03-13 00:00,7.21,9.04,20,346746.61,9974.14
2023-03-14 00:00,3,6.58,268,379910,10784.85
2023-03-15 00:00,1.71,5.54,308,399736,11334.22
2023-03-16 00:00,3,5.33,3,338794.44,9905.27
2023-03-17 00:00,6.13,3.29,54,284148.17,8556.32
2023-03-18 00:00,7.83,1.17,26,286141.08,8665.85
2023-03-19 00:00,7.04,2.88,7,313949.12,9292.38
2023-03-20 00:00,5.38,3.08,20,323232.2,9493.33
2023-03-21 00:00,5.75,3.42,0,314522.59,9238.65
2023-03-22 00:00,7.25,6.08,8,280146.23,8458.92
2023-03-23 00:00,7.92,5.67,322,281552.37,8471.9
2023-03-24 00:00,7.67,6.88,169,284770.12,10745956.01
2023-03-25 00:00,6.71,4.71,33,282717.08,8611.59
2023-03-26 00:00,3.13,4.63,406,347697.47,10291.16
2023-03-27 00:00,0.58,4.21,392,373890.21,10919.1
2023-03-28 00:00,1.33,2.58,316,351950.65,10196.03
2023-03-29 00:00,4.71,3.04,0,312026.31,9234.22
2023-03-30 00:00,7.04,4.58,0,297941.49,8860.68
2023-03-31 00:00,6.46,3.46,10,321347.13,9573.93
2023-04-01 00:00,2.67,7.04,400,2413854.2,9708.61
2023-04-02 00:00,2.71,3.54,724,323119.05,9619.02
2023-04-03 00:00,2.42,1.88,669,315736.32,9330.47
2023-04-04 00:00,2.58,1.71,373,321770.37,9116.68
2023-04-05 00:00,3.83,1.46,285,291815.97,8082.43
2023-04-06 00:00,4.38,3.42,493,273477.3,8118.81
2023-04-07 00:00,5.04,4.88,665,240057.23,7618.78
2023-04-08 00:00,7.54,2.5,427,219435.24,7221.79
2023-04-09 00:00,7.58,2.33,445,289741.18,7314.54
2023-04-10 00:00,8.92,5.71,319,224663.38,7248.16
2023-04-11 00:00,7.29,4.17,187,278772.36,8489.77
2023-04-12 00:00,5.58,4.33,88,1504361.33,8345.08
2023-04-13 00:00,5.79,3.58,245,262411.24,8305.13
2023-04-14 00:00,6.96,2.58,250,236867.21,7740.79
2023-04-15 00:00,8.96,2.92,85,213521.18,7185.92
2023-04-16 00:00,9.33,1.67,183,193067.16,6673.17
2023-04-17 00:00,9,3.25,780,199141.28,6829.39
2023-04-18 00:00,8.63,4.54,797,195067.22,6596.93
2023-04-19 00:00,8,4.38,779,190505.26,6360.72
2023-04-20 00:00,10.04,6.04,758,168958.24,5898.21
2023-04-21 00:00,10.33,4.67,794,151570.53,5374007.82
2023-04-22 00:00,12.13,4.54,576,147637.45,5261.47
2023-04-23 00:00,9.75,3.42,249,182697.16,6032.98
2023-04-24 00:00,8.63,4.04,5,255419.24,8075.04
2023-04-25 00:00,5.13,8.08,101,268885.15,8553.1
2023-04-26 00:00,4.29,5.83,447,262409.19,8467.14
2023-04-27 00:00,4.25,4.25,554,239569.23,7776.78
2023-04-28 00:00,6.04,2.42,478,214953.34,7151.7
2023-04-29 00:00,6.04,4.42,563,226333.19,7509.26
2023-04-30 00:00,5.88,3.08,547,192297.44,6784.3
2023-05-01 00:00,9.17,4.63,440,213087.13,7289.39
2023-05-02 00:00,5.92,4.63,528,229757.07,7611.64
2023-05-03 00:00,5.75,3.38,415,243412.14,8032.15
2023-05-04 00:00,6.58,2.38,84,234387.13,7915.19
2023-05-05 00:00,6.83,9.13,145,275984.14,8810.65
2023-05-06 00:00,5.96,6.17,15,225823.29,7602.97
2023-05-07 00:00,9.38,5.13,522,179891.06,6469.4
2023-05-08 00:00,11.21,5.46,845,145092.08,5730.36
2023-05-09 00:00,13.46,5.63,403,135923.03,5728.2
2023-05-10 00:00,12.38,3.92,306,154797.11,6089.77
2023-05-11 00:00,10.96,1.5,57,134056.09,5670.21
2023-05-12 00:00,14.46,3,610,113122.21,5203.88
2023-05-13 00:00,13.71,1.92,810,372593.42,5204.63
2023-05-14 00:00,13.96,2,278,119583.06,5166.09
2023-05-15 00:00,12.42,2.92,548,163105.13,5729.85
2023-05-16 00:00,8.33,7.33,57,201094.12,6568.63
2023-05-17 00:00,7.13,7.46,268,180374.11,6055.49
2023-05-18 00:00,9.54,2.75,647,146719.1,5349.25
2023-05-19 00:00,10.63,1.88,700,126858.17,4879.63
2023-05-20 00:00,11.96,2.79,795,371615.26,4558.04
2023-05-21 00:00,15.25,4.13,483,100008.04,4264.97
2023-05-22 00:00,16.42,3.21,133,128584.1,4876.33
2023-05-23 00:00,9.96,5.67,42,135986.06,5247.69
2023-05-24 00:00,11.83,3.25,548,131069.11,4771.54
2023-05-25 00:00,10.33,5.25,923,138584.14,5145.31
2023-05-26 00:00,9.83,4.5,634,130178.18,5224.1
2023-05-27 00:00,9.83,2.42,889,381811.2,4890.01
2023-05-28 00:00,10.58,3.5,590,128584.05,5029.87
2023-05-29 00:00,10.33,4.42,872,110985.11,4541.26
2023-05-30 00:00,14.13,2.29,780,106441.03,4535.63
2023-05-31 00:00,11.42,6.29,709,110116.12,4561.95
2023-06-01 00:00,12.58,4.54,733,104021.11,4603.07
2023-06-02 00:00,12.67,2.63,780,103219.1,4528.56
2023-06-03 00:00,11.46,3.33,857,370907.09,4559.23
2023-06-04 00:00,10.92,3,487,111776.07,4738.77
2023-06-05 00:00,11.75,2.08,574,106776.12,4682.02
2023-06-06 00:00,12.08,3.25,750,101357.06,4570.59
2023-06-07 00:00,12.79,2.46,619,97927.12,4502.89
2023-06-08 00:00,12.58,3.13,798,93050.17,4343.39
2023-06-09 00:00,14.83,2.38,721,79820.08,4044.67
2023-06-10 00:00,16.58,4.96,912,77820.06,4081.63
2023-06-11 00:00,16.5,4.83,717,78211.05,3969.62
2023-06-12 00:00,17.54,3.67,922,73434.09,3751.27
2023-06-13 00:00,16.83,3.38,947,70415.03,3808.52
2023-06-14 00:00,17.58,1.79,915,70868.1,3487.1
2023-06-15 00:00,16.25,1.88,420,70013.11,3584.91
2023-06-16 00:00,17.79,2.17,459,64614.08,3305.72
2023-06-17 00:00,17.21,1.29,588,66407.04,3436.28
2023-06-18 00:00,17.71,1.46,627,66876.03,3408.29
2023-06-19 00:00,16.96,3.08,302,65776.14,3341.71
2023-06-20 00:00,19,1.88,431,64456.02,3301.98
2023-06-21 00:00,17.08,3.88,243,67224.11,3294.32
2023-06-22 00:00,18,2.38,641,598301.1,3381.92
2023-06-23 00:00,15.63,3.42,443,67584.1,3344.1
2023-06-24 00:00,16.92,2.67,464,64543.04,3333.73
2023-06-25 00:00,18.88,1.13,298,64887.09,3296.65
2023-06-26 00:00,17.29,5.04,410,73372.09,3558.23
2023-06-27 00:00,14.54,6.29,706,73442.04,3658.16
2023-06-28 00:00,16.13,3.04,540,67515.15,3234.53
2023-06-29 00:00,17.46,3.21,24,73189.21,3557.04
2023-06-30 00:00,15.21,3.75,523,73603.25,3617.92
2023-07-01 00:00,14.75,4.13,21,79804.05,3840.12
2023-07-02 00:00,13.71,7,337,89603.1,3994.98
2023-07-03 00:00,12.54,5.71,402,95508.11,4155.45
2023-07-04 00:00,12.5,5.38,252,110749.05,4514.94
2023-07-05 00:00,12,4.5,68,100897.16,4343.26
2023-07-06 00:00,14,5.25,446,84005.24,3998.08
2023-07-07 00:00,15.83,1.75,818,69766.26,3690.32
2023-07-08 00:00,18.13,1.67,937,61416.04,3373.65
2023-07-09 00:00,19.96,2.92,729,62836.09,3301.58
2023-07-10 00:00,16.75,2.83,307,67218.08,3350.02
2023-07-11 00:00,16.63,2.54,92,68931.03,3306.82
2023-07-12 00:00,16.13,3.29,310,72126.14,4024.09
2023-07-13 00:00,15.17,3.71,447,72371.16,3607.88
2023-07-14 00:00,15.88,2.38,484,62324.25,3366.85
2023-07-15 00:00,18.75,3.75,224,64110.03,3481.76
2023-07-16 00:00,16.54,6.5,276,69952.09,3952.71
2023-07-17 00:00,15.21,5.25,348,76352.08,4428.67
2023-07-18 00:00,14.13,4.08,500,81903.08,4093.21
2023-07-19 00:00,13.17,2.46,295,85709.14,4094.21
2023-07-20 00:00,12.96,4.42,325,86018.14,4234.57
2023-07-21 00:00,13.25,2.83,360,81586.24,4140.55
2023-07-22 00:00,13.13,3.21,434,84699.05,4179.42
2023-07-23 00:00,14.54,3.46,0,82640.09,3930.53
2023-07-24 00:00,15.88,4.38,200,85185.08,3799.3
2023-07-25 00:00,13.33,4.33,423,92718.04,4390.13
2023-07-26 00:00,12.75,4.54,326,86574.15,3857.16
2023-07-27 00:00,14.75,1.75,363,75928.14,3532.93
2023-07-28 00:00,16.92,1.04,726,68176.27,3377.02
2023-07-29 00:00,16.58,2.63,139,74260.06,3693.63
2023-07-30 00:00,14.38,2.83,334,77741.09,3658.94
2023-07-31 00:00,15.38,3.13,380,75545.13,3713.73
2023-08-01 00:00,14.75,2.13,146,81874.02,3708.83
2023-08-02 00:00,15.08,2.13,295,77416.17,3666.93
2023-08-03 00:00,15.88,2.75,180,84003.14,3704.92
2023-08-04 00:00,15.04,5.25,125,80203.27,3567.45
2023-08-05 00:00,15.38,2.71,565,75690.04,3577.96
2023-08-06 00:00,15.71,3.21,32,93156.13,3865.04
2023-08-07 00:00,13.54,9.21,8,97451.2,3762.89
2023-08-08 00:00,12.88,10.08,387,114974.05,4341.6
2023-08-09 00:00,12.13,6.63,67,108356.17,4315.15
2023-08-10 00:00,13.75,4.92,364,87206.13,3872.81
2023-08-11 00:00,17.63,2.75,247,72692.27,3562.26
2023-08-12 00:00,17.08,1.75,51,78133.14,3719.2
2023-08-13 00:00,16.42,3.13,102,79065.11,3695.66
2023-08-14 00:00,17.04,2.04,458,72243.17,3540.1
2023-08-15 00:00,17.33,3.33,309,76522.07,3576.05
2023-08-16 00:00,15.46,3.92,170,82873.25,3809.1
2023-08-17 00:00,14.67,1.42,214,77467.13,3757.97
2023-08-18 00:00,16.92,3.88,96,68695.19,3413.2
2023-08-19 00:00,18.58,4.38,65,66741.12,3508.14
2023-08-20 00:00,17.58,2.46,479,69167.06,3823.03
2023-08-21 00:00,16.79,2.33,610,68708.18,3298.84
2023-08-22 00:00,17.13,2.58,437,70665.07,3411.51
2023-08-23 00:00,16.08,2.92,167,75821.21,3687.6
2023-08-24 00:00,15.67,1.5,398,67925.12,3369.33
2023-08-25 00:00,16.67,2.63,374,72058.19,3360.28
2023-08-26 00:00,13.58,1.5,192,86604.21,3931.88
2023-08-27 00:00,12.75,1.54,191,93076.74,4256.05
2023-08-28 00:00,13.25,2.25,492,89110.23,4018.14
2023-08-29 00:00,13,1.46,233,93721.07,4332.46
2023-08-30 00:00,13.5,2.04,104,93736.2,4402.23
2023-08-31 00:00,13.38,1.58,152,92371.15,4457.26
2023-09-01 00:00,13.92,2.13,634,86293.21,4215.11
2023-09-02 00:00,13.75,3.54,565,85259.11,4207.43
2023-09-03 00:00,15.83,3.88,193,79409.12,4333.85
2023-09-04 00:00,16.71,2.71,731,78038.19,4170.68
2023-09-05 00:00,16.5,0.5,724,74063.07,4135.12
2023-09-06 00:00,17.04,1.88,648,66772.19,3905.16
2023-09-07 00:00,18.29,3,522,64068.13,3537.61
2023-09-08 00:00,18.92,2.79,589,59293.22,3598.37
2023-09-09 00:00,19.63,1.79,634,60783.09,3685.65
2023-09-10 00:00,17.21,1.38,209,64291.11,3884.58
2023-09-11 00:00,19.17,2.88,354,68011.19,3492.09
2023-09-12 00:00,15.25,2.08,22,86216.07,4306.99
2023-09-13 00:00,12.21,2.67,404,103842.2,4788.05
2023-09-14 00:00,11.71,1.54,207,89760.12,4376.57
2023-09-15 00:00,14.42,2.67,525,79948.19,4450
2023-09-16 00:00,15.75,1.83,332,75305.08,4168.57
2023-09-17 00:00,17.33,3.92,224,75920.08,4032.77
2023-09-18 00:00,17.46,4.38,99,94278.27,4131.26
2023-09-19 00:00,14.17,6.54,107,92311.06,4341.63
2023-09-20 00:00,16.96,5.63,54,91122.18,4301.01
2023-09-21 00:00,16.58,3.38,158,95986.33,4310.66
2023-09-22 00:00,13.83,2.21,203,104360.15,4142.51
2023-09-23 00:00,12.04,2.25,254,114074.12,4452.46
2023-09-24 00:00,12.46,3.13,345,115694.11,4672.71
2023-09-25 00:00,14.38,3.96,191,104075.2,4233.49
2023-09-26 00:00,14.96,2.08,222,96535.09,3930.31
2023-09-27 00:00,15.83,1.79,186,92778.18,3820.88
2023-09-28 00:00,16.21,3.5,104,104123.24,4090.97
2023-09-29 00:00,14.25,3.58,17,111938.2,4213.54
2023-09-30 00:00,13.08,4.42,353,123099.28,4557.43
2023-10-01 00:00,13,1.75,40,111573.13,4356.4
2023-10-02 00:00,15.46,2,19,124403.38,4547.88
2023-10-03 00:00,13.21,4.17,39,144321.12,5040.33
2023-10-04 00:00,12.71,5.96,257,141580.2,5048.81
2023-10-05 00:00,11.67,4.08,334,135064.3,4780.93
2023-10-06 00:00,14.83,7.71,7,152991.16,5205.77
2023-10-07 00:00,10.5,3.96,85,190822.2,6121.92
2023-10-08 00:00,7.08,0.92,284,205022.28,6314.57
2023-10-09 00:00,8.83,1.33,6,185218.26,6176.01
2023-10-10 00:00,12.92,3.21,23,161773.08,5404.08
2023-10-11 00:00,13.25,6.42,34,187819.42,6047.91
2023-10-12 00:00,9.54,4.29,223,188743.27,6064.69
2023-10-13 00:00,11.71,4.67,0,200977.41,6310.03
2023-10-14 00:00,8.46,7,209,235871.24,7272.97
2023-10-15 00:00,7.04,5.96,237,243596.39,7772.73
2023-10-16 00:00,6.13,2.79,291,242253.26,7280.03
2023-10-17 00:00,6.71,1.83,327,244611.16,7162.02
2023-10-18 00:00,7.42,2.04,265,273188.44,7791.43
2023-10-19 00:00,6.67,9.38,0,321396.29,9551.6
2023-10-20 00:00,4.42,11.83,0,300839.32,9563.07
2023-10-21 00:00,7.54,6.5,0,249848.37,7449.22
2023-10-22 00:00,9.29,3,12,252791.37,8110.28
2023-10-23 00:00,8.54,2.08,184,256864.2,7597.28
2023-10-24 00:00,8.54,5.5,14,246053.11,7257.56
2023-10-25 00:00,9.17,4.29,13,259308.5,7594.27
2023-10-26 00:00,7.21,4.21,2,278397.86,8477.69
2023-10-27 00:00,6.21,3.88,13,277833.75,8316.66
2023-10-28 00:00,6.54,4.58,0,263306.26,7921.08
2023-10-29 00:00,9.58,5.21,54,249396.13,7587.76
2023-10-30 00:00,10.25,4.67,153,317593.44,9043.71
2023-10-31 00:00,3,3.67,70,354439.49,10006.22
2023-11-01 00:00,4.25,3.75,27,275840.36,8003.12
2023-11-02 00:00,9.58,5.67,91,279185.55,8371.43
2023-11-03 00:00,8.75,5.04,11,270640.29,8168.04
2023-11-04 00:00,7.79,4.25,1,262150.29,8002.49
2023-11-05 00:00,8,2.38,11,259194.12,7808.03
2023-11-06 00:00,8.29,3.08,193,278617.33,8365.33
2023-11-07 00:00,7.42,2.71,99,268143.43,8237.08
2023-11-08 00:00,7.92,3.75,194,269057.19,8345.51
2023-11-09 00:00,7.21,1.5,11,293333.17,8892.83
2023-11-10 00:00,5.96,2.38,110,291411.41,8696.49
2023-11-11 00:00,5.5,0.79,21,280273.34,8545.79
2023-11-12 00:00,5.21,1.17,90,317395.14,9296.23
2023-11-13 00:00,4.83,4,28,324080.29,9408.81
2023-11-14 00:00,5.21,4.25,0,351268.47,9914.07
2023-11-15 00:00,3.63,3.08,7,369321.27,10327.3
2023-11-16 00:00,2.83,4.5,34,372186.18,10586.71
2023-11-17 00:00,2.46,2.29,22,353128.21,10802.16
2023-11-18 00:00,2.42,3.38,169,325293.24,9778.45
2023-11-19 00:00,5.46,3.42,0,321458.16,9790.1
2023-11-20 00:00,5.71,3.04,3,352924.76,10391.95
2023-11-21 00:00,2.83,2,8,393862.54,11201.17
2023-11-22 00:00,3.75,5.42,0,324413.23,9141.6
2023-11-23 00:00,7.96,9.83,2,384488.18,10838.42
2023-11-24 00:00,1.83,5.46,127,376913.22,10761.9
2023-11-25 00:00,0.88,2.46,294,429762.36,12243.21
2023-11-26 00:00,-1.21,1.46,34,439386.21,12714.38
2023-11-27 00:00,0.29,5.25,12,482494.31,13673.68
2023-11-28 00:00,-4.58,2.42,180,511321.2,14092.17
2023-11-29 00:00,-5.71,1.21,314,529772.33,14332.92
2023-11-30 00:00,-3.83,2.17,96,529146.46,13993.05
2023-12-01 00:00,-4,2.29,125,542185.23,14375.74
2023-12-02 00:00,-6.5,0.33,116,500260.56,13481.07
2023-12-03 00:00,-2.29,1.5,109,495055.15,13171.29
2023-12-04 00:00,-0.71,3.71,79,466314.24,12355.69
2023-12-05 00:00,0.04,5.17,187,473683.14,12372.83
2023-12-06 00:00,0,4.92,17,461061.42,12496.43
2023-12-07 00:00,0.04,1.54,4,453847.33,13188.98
2023-12-08 00:00,0.33,4,2,424305.21,12074.49
2023-12-09 00:00,2.04,4.33,6,409331.17,11372.51
2023-12-10 00:00,2.83,5.21,6,397846.19,10912.22
2023-12-11 00:00,3.17,2.13,0,423392.26,11296.53
2023-12-12 00:00,1.25,3.67,0,,
