﻿Dato,Wind,Temp,Sun,MWh,Flow
01-01-2020 00:00,5.21,4.29,40,373686,11049.86
02-01-2020 00:00,6.13,4.42,0,388693,11408.08
03-01-2020 00:00,5.5,5.29,31,369654,10790.46
04-01-2020 00:00,6.38,3.29,240,383225,11260.85
05-01-2020 00:00,3.42,3.79,5,396924,11696.14
06-01-2020 00:00,4.67,5.83,0,368927,10838.81
07-01-2020 00:00,5.54,5.83,70,365760,10678.15
08-01-2020 00:00,5.92,6.5,46,353054,10340.4
09-01-2020 00:00,3.83,5.21,0,366814,10663.38
10-01-2020 00:00,3.42,4.04,17,369348,10740.52
11-01-2020 00:00,6.83,4.5,0,393587,11384.6
12-01-2020 00:00,4.25,6.38,0,342459,10056.95
13-01-2020 00:00,3.92,4.25,74,380597,11084.02
14-01-2020 00:00,7.67,6.96,60,357564,10391.62
15-01-2020 00:00,7.08,7.08,0,344338,10149.67
16-01-2020 00:00,5.17,5.75,136,367589,10828.92
17-01-2020 00:00,3.71,5.88,122,359675,10549.62
18-01-2020 00:00,5.04,4.29,50,360757,10525.77
19-01-2020 00:00,3.63,3.17,359,377291,11057.47
20-01-2020 00:00,4.5,5.29,40,382960,11190.07
21-01-2020 00:00,6.08,5.71,0,366783,10676.54
22-01-2020 00:00,3.79,4.21,311,366783,10651.23
23-01-2020 00:00,4.17,5.21,0,366514,10714.74
24-01-2020 00:00,4.38,5.75,2,340646,10393.56
25-01-2020 00:00,3.38,5.29,6,340646,10143.44
26-01-2020 00:00,4.04,3.92,1,361220,10716.83
27-01-2020 00:00,3.79,5.38,10,358323,10647.42
28-01-2020 00:00,4.38,4.17,6,357249,10558.61
29-01-2020 00:00,4.67,4.13,189,368482,10996.21
30-01-2020 00:00,6.75,6.38,0,357692,10656.03
31-01-2020 00:00,6.46,7.13,1,344571,10303.25
01-02-2020 00:00,8.17,7.25,18,321265,9686.59
02-02-2020 00:00,3.88,3.21,77,360596,10880.77
03-02-2020 00:00,3.71,4.29,26,370355,11057.62
04-02-2020 00:00,4.29,2.46,238,379796,11419.48
05-02-2020 00:00,3.75,2.21,270,414735,12568.61
06-02-2020 00:00,5.33,5.88,15,372366,11141.3
07-02-2020 00:00,2.46,4.17,0,362260,10891.3
08-02-2020 00:00,3.79,3.17,55,373840,10325.02
09-02-2020 00:00,10.38,6.33,0,361231,9915.54
10-02-2020 00:00,8.42,4.58,64,368858,10104.99
11-02-2020 00:00,7.33,3.21,80,385838,10699.18
12-02-2020 00:00,7.42,3.17,42,408866,11372.86
13-02-2020 00:00,3.42,2.54,128,396734,10911.92
14-02-2020 00:00,2.63,2.88,67,394207,10834.24
15-02-2020 00:00,6.5,6.42,0,361897,9993.87
16-02-2020 00:00,9.67,7.83,0,330720,9195.07
17-02-2020 00:00,9.58,6.04,35,388436,10851.93
18-02-2020 00:00,6.88,4.75,129,383656,10638.85
19-02-2020 00:00,4.42,3.96,209,373365,10429.33
20-02-2020 00:00,6.38,4.71,0,379325,10494.09
21-02-2020 00:00,7.5,4.96,80,384874,10700.73
22-02-2020 00:00,11.08,6,79,365036,10220.38
23-02-2020 00:00,6.88,4.04,16,384325,10735.76
24-02-2020 00:00,3.88,2.96,0,404080,11174.78
25-02-2020 00:00,8.88,3.13,13,409588,11277.47
26-02-2020 00:00,2.71,0.25,37,423705,11688.28
27-02-2020 00:00,1.92,1,258,402639,11596.52
28-02-2020 00:00,4.67,3.25,283,379753,10637.46
29-02-2020 00:00,5.5,4.46,86,361600,10088.83
01-03-2020 00:00,6.92,4.25,139,361753,10094.77
02-03-2020 00:00,2.79,3.5,153,375632,10365.84
03-03-2020 00:00,2.17,3.46,164,361162,9962.04
04-03-2020 00:00,2.58,2.33,312,380896,10561.62
05-03-2020 00:00,1.75,1.88,248,375409,10447.5
06-03-2020 00:00,4.83,2.08,56,394756,10866.92
07-03-2020 00:00,2.13,2.08,278,381646,10596.37
08-03-2020 00:00,6.75,6.38,0,357930,10596.37
09-03-2020 00:00,2.96,6.08,89,340577,9509.39
10-03-2020 00:00,5.79,5.67,0,353673,9706.23
11-03-2020 00:00,7.21,6.21,378,329446,9282.65
12-03-2020 00:00,9.75,5.17,175,350216,9761.62
13-03-2020 00:00,5.08,3.21,208,362476,10097.58
14-03-2020 00:00,3.17,1.46,571,363791,10320.11
15-03-2020 00:00,6.79,6.21,0,347244,9724.35
16-03-2020 00:00,4.04,6.29,107,327290,9266.86
17-03-2020 00:00,5.54,6.21,44,341911,9683.67
18-03-2020 00:00,5.92,7.04,1,329638,9364.86
19-03-2020 00:00,3.08,4.79,402,319909,9102.94
20-03-2020 00:00,3.17,3.71,565,313252,8910.49
21-03-2020 00:00,2.96,1.96,645,332727,9441.68
22-03-2020 00:00,3.17,1.75,490,346548,9787.38
23-03-2020 00:00,3.67,1.92,684,356994,10064.61
24-03-2020 00:00,4.08,3.25,587,340870,9601.17
25-03-2020 00:00,3.25,3.63,678,320851,9131.59
26-03-2020 00:00,2.21,3.42,641,303390,8741.08
27-03-2020 00:00,2.08,3.83,704,299067,8618.44
28-03-2020 00:00,4.08,4.5,552,282110,8202.18
29-03-2020 00:00,6.29,1.92,706,311702,8892.64
30-03-2020 00:00,3.88,3.63,533,307188,8791.29
31-03-2020 00:00,3.92,2.25,372,341632,9586.23
01-04-2020 00:00,7.13,5.42,71,318352,8943.35
02-04-2020 00:00,8.5,5,55,330770,9328.66
03-04-2020 00:00,5.96,3.13,367,339266,9667.31
04-04-2020 00:00,2.42,4.13,267,315481,9210.13
05-04-2020 00:00,4,8.04,719,264523,8257.13
06-04-2020 00:00,3.79,10.54,744,212739,6981.06
07-04-2020 00:00,2.96,8.54,745,195163,7031.84
08-04-2020 00:00,2.88,8.88,575,203986,7293.13
09-04-2020 00:00,4.71,6.33,634,210681,6889.97
10-04-2020 00:00,3.46,4.17,664,248532,7861.24
11-04-2020 00:00,1.88,5.38,47,274125,8810.98
12-04-2020 00:00,5.67,9,608,223302,7566.47
13-04-2020 00:00,6.67,3.83,600,269137,8706.24
14-04-2020 00:00,5.13,4.17,434,301656,8642.88
15-04-2020 00:00,6.79,7.33,459,258285,7794.15
16-04-2020 00:00,5.17,7.33,591,230531,7530.66
17-04-2020 00:00,1.96,6.17,773,233415,7918.82
18-04-2020 00:00,2.58,6.38,766,214623,7487.52
19-04-2020 00:00,3,6.92,783,210802,7256.48
20-04-2020 00:00,3,8.42,795,203325,7146.36
21-04-2020 00:00,4.25,9.42,806,183157,6759.96
22-04-2020 00:00,3.42,9.88,812,175026,6465.67
23-04-2020 00:00,1.96,10.96,799,159538,6041.6
24-04-2020 00:00,5.38,7.67,436,173331,6399.15
25-04-2020 00:00,3.13,8.04,577,182633,6472.48
26-04-2020 00:00,2.75,6.63,2,204559,7046.68
27-04-2020 00:00,1.67,6.25,3,254213,8280.59
28-04-2020 00:00,2,6.83,359,234694,7746.04
29-04-2020 00:00,4.21,6.92,2,237130,7811.89
30-04-2020 00:00,3.75,7.63,82,243818,7919.86
01-05-2020 00:00,2.33,7.38,81,246695,8055.9
02-05-2020 00:00,2.67,7.67,154,221451,7417.65
03-05-2020 00:00,4,7.42,361,221283,7542.12
04-05-2020 00:00,4.38,6.54,769,225931,7734.36
05-05-2020 00:00,2.67,7.21,693,208240,7221.73
06-05-2020 00:00,5.63,7.08,428,221217,7502.34
07-05-2020 00:00,4.58,8.75,475,204903,6865.18
08-05-2020 00:00,3.63,9.38,584,183858,6599.12
09-05-2020 00:00,0.88,11.71,531,149589,5746.14
10-05-2020 00:00,4.46,7.21,348,168205,6253.23
11-05-2020 00:00,4.63,5.54,659,222735,7578.17
12-05-2020 00:00,4.63,5.04,371,227439,7755.75
13-05-2020 00:00,2.63,5.17,590,227248,7764.59
14-05-2020 00:00,4.88,5.92,531,219269,7545.83
15-05-2020 00:00,6.33,8.08,271,379179,7417.36
16-05-2020 00:00,7.83,8.88,130,206020,7249.64
17-05-2020 00:00,6.88,9.63,199,203860,7221.59
18-05-2020 00:00,4.17,10.04,0,212655,7370.87
19-05-2020 00:00,4.79,10.46,614,190707,6659.77
20-05-2020 00:00,2,11.33,734,162601,5972.23
21-05-2020 00:00,1.29,13.63,662,127838,5024.87
22-05-2020 00:00,4,13.13,220,127661,4955.15
23-05-2020 00:00,5.13,11.67,353,139342,5158.07
24-05-2020 00:00,6.88,10.13,11,169845,5895.8
25-05-2020 00:00,4.38,11.63,477,173696,6073.75
26-05-2020 00:00,1.88,11.38,549,150459,5709.43
27-05-2020 00:00,4.63,11.42,519,139126,5444.98
28-05-2020 00:00,3.29,10.13,905,151259,5732.06
29-05-2020 00:00,1.5,10.67,902,142674,5546.55
30-05-2020 00:00,2.46,14.5,882,110785,4754.35
31-05-2020 00:00,2.63,14.08,795,100396,4543.12
01-06-2020 00:00,1.5,15.04,837,97519,4487.85
02-06-2020 00:00,1.58,16.33,826,89132,4266.4
03-06-2020 00:00,2.08,15.58,551,88387,4277.4
04-06-2020 00:00,3.21,12.13,12,107757,4679.92
05-06-2020 00:00,3.71,10.63,280,123234,5039.33
06-06-2020 00:00,4.54,9.33,280,136002,5287.07
07-06-2020 00:00,1.83,10.79,228,141931,5309.11
08-06-2020 00:00,2.13,10.17,405,152210,5570.06
09-06-2020 00:00,1.25,10.21,189,151726,5690.47
10-06-2020 00:00,1.83,13.83,161,136282,5396.29
11-06-2020 00:00,4.46,17.08,266,109800,4873.77
12-06-2020 00:00,5.04,16.04,6,109800,4650.94
13-06-2020 00:00,4.83,16.96,54,97633,4548.09
14-06-2020 00:00,5.08,16.88,905,90559,4428.81
15-06-2020 00:00,1.79,16.83,936,86442,4341.14
16-06-2020 00:00,1.46,17.92,904,78606,4182.86
17-06-2020 00:00,1.58,18.38,376,73862,4057.67
18-06-2020 00:00,1.79,18.25,482,71970,4085.07
19-06-2020 00:00,2.5,15.67,5,77511,4270.47
20-06-2020 00:00,4.04,15.79,210,80786,4280.54
21-06-2020 00:00,1.96,16.33,722,80663,4317.42
22-06-2020 00:00,3.67,15.54,707,80687,4228.51
23-06-2020 00:00,1.88,15.88,944,82212,4206.76
24-06-2020 00:00,1.38,18.79,859,73278,3858.15
25-06-2020 00:00,3.38,20.33,911,65829,3792.7
26-06-2020 00:00,3.21,21.46,883,60637,3681.2
27-06-2020 00:00,2.5,20.08,494,56160,3165.6
28-06-2020 00:00,3.71,16.04,233,62193,3462.92
29-06-2020 00:00,4.54,13.83,348,77507,4181.46
30-06-2020 00:00,6.04,13.29,81,89630,4485.44
01-07-2020 00:00,2.92,14.21,125,95941,4626.28
02-07-2020 00:00,3.13,13.58,548,93394,4555.91
03-07-2020 00:00,3.5,12.08,127,103466,4953.69
04-07-2020 00:00,5.04,14.67,0,103492,4763.84
05-07-2020 00:00,6.96,14.67,95,175756.56,4731.15
06-07-2020 00:00,7.17,12.08,374,119864,5223.45
07-07-2020 00:00,4.71,11.42,251,129210,5662.13
08-07-2020 00:00,4.25,11.17,339,132539,5820.54
09-07-2020 00:00,1.88,11.96,534,115760,5394.19
10-07-2020 00:00,3.38,10.79,282,120872,5631.41
11-07-2020 00:00,5.17,12.04,520,117824,5476.34
12-07-2020 00:00,4.21,12.83,239,116071,5421.51
13-07-2020 00:00,2.96,13.96,357,112611,5389.56
14-07-2020 00:00,2.67,13.58,131,105582,5165.82
15-07-2020 00:00,2.13,13.08,267,107373,5197.91
16-07-2020 00:00,1.79,13.96,434,97862,4952.66
17-07-2020 00:00,1.83,14.79,505,92367,4833.19
18-07-2020 00:00,2.29,17.33,201,77425,4614.87
19-07-2020 00:00,2.33,17,57,74429,4374.65
20-07-2020 00:00,3.92,13.5,481,89264,4716.8
21-07-2020 00:00,4.17,12.83,553,94727,4863.32
22-07-2020 00:00,3.38,12.21,513,95581,4896
23-07-2020 00:00,2.5,12.13,53,104649,5060.57
24-07-2020 00:00,4.5,14.33,291,98712,4842.76
25-07-2020 00:00,2.08,14.83,237,92756,4605.5
26-07-2020 00:00,4.17,15.75,157,86719,4515.4
27-07-2020 00:00,3.08,15.13,240,94475,4769.41
28-07-2020 00:00,5.29,14.67,214,95013,4756.48
29-07-2020 00:00,5.88,12.54,75,117758,5843.82
30-07-2020 00:00,5.17,13.38,312,120698,4689.57
31-07-2020 00:00,1.75,15.63,771,102013,4689.57
01-08-2020 00:00,3.75,18.13,551,77800,4116.81
02-08-2020 00:00,3.29,15.21,162,79602,4176.22
03-08-2020 00:00,2.46,13.46,588,79602,4424.7
04-08-2020 00:00,2.42,12.96,653,97110,4579.56
05-08-2020 00:00,4,15.88,59,91292,4449.34
06-08-2020 00:00,2.25,19.83,428,80321,4182.67
07-08-2020 00:00,1.71,21.67,787,69782,3953.27
08-08-2020 00:00,1.13,21.83,632,57775,3381.68
09-08-2020 00:00,1.38,21.04,664,54254,3428.59
10-08-2020 00:00,2.21,21.67,761,58266,3611.06
11-08-2020 00:00,2.71,21.79,739,55331,3613.46
12-08-2020 00:00,3.58,20.38,786,56082,3573.92
13-08-2020 00:00,2.38,20.25,830,57554,3650.36
14-08-2020 00:00,1.63,19.08,814,56665,3643.94
15-08-2020 00:00,1.25,19.38,720,53067,3777.88
16-08-2020 00:00,2.54,21.79,725,50542,3953.73
17-08-2020 00:00,3.21,21.92,763,51762,3475.27
18-08-2020 00:00,1.38,17.88,268,54572,3555.37
19-08-2020 00:00,1.25,17.42,505,59644,3642.32
20-08-2020 00:00,2.08,17.83,63,61777,3761.89
21-08-2020 00:00,4.63,19.88,251,61720,3714.74
22-08-2020 00:00,4.5,17.38,293,61950,3720.09
23-08-2020 00:00,3.33,14.54,293,72128,3816.27
24-08-2020 00:00,1.96,13.25,250,87507,4085.37
25-08-2020 00:00,2.58,12.96,335,96143,4503.35
26-08-2020 00:00,3.17,15.42,59,86820,4263.98
27-08-2020 00:00,3.29,13.38,275,97323,4662.75
28-08-2020 00:00,2.79,13,14,109937,4910.2
29-08-2020 00:00,1.04,13.58,96,104025,4629.04
30-08-2020 00:00,2.25,13.54,392,101687,4683.21
31-08-2020 00:00,1.38,13.08,455,104810,4800.22
01-09-2020 00:00,1.67,12.29,649,111414,4959.67
02-09-2020 00:00,1.38,13.96,635,104033,4759.85
03-09-2020 00:00,3.08,12.75,150,111379,4924.06
04-09-2020 00:00,3.71,14.5,227,106949,4840.23
05-09-2020 00:00,3.25,11.92,315,113096,5000.81
06-09-2020 00:00,2.79,10.58,412,113096,5273.5
07-09-2020 00:00,3.04,11.96,414,132704,5539.71
08-09-2020 00:00,4.67,15.5,277,109934,4966.42
09-09-2020 00:00,5.46,14.92,145,107132,4832.97
10-09-2020 00:00,3.29,11.25,411,125438,5355.16
11-09-2020 00:00,3.33,12.63,65,132493,5375.5
12-09-2020 00:00,4.21,13.5,84,121825,5097.02
13-09-2020 00:00,4.79,14.96,2,123246,5173.79
14-09-2020 00:00,2.42,16.29,594,108593,4852.14
15-09-2020 00:00,1.04,16.67,589,108593,4594.6
16-09-2020 00:00,3.58,12.71,318,102502,4777.47
17-09-2020 00:00,1.38,9.21,670,136690,5604.47
18-09-2020 00:00,0.92,8.75,685,150782,5942.04
19-09-2020 00:00,0.38,9.42,280,149897,5843.98
20-09-2020 00:00,0.46,9.5,178,154466,5882.35
21-09-2020 00:00,0.83,10.71,369,153340,5924.52
22-09-2020 00:00,1.29,11.25,536,153340,5740.39
23-09-2020 00:00,2.92,13.75,206,122594,5215.68
24-09-2020 00:00,5.21,13.46,302,124044,5239.99
25-09-2020 00:00,3.25,11.54,1,149420,5750.04
26-09-2020 00:00,3.67,12.13,11,152286,5765.19
27-09-2020 00:00,5.42,16.17,235,125837,5186.52
28-09-2020 00:00,2.96,14.04,25,128934,5278.72
29-09-2020 00:00,2.42,12.79,28,148231,5676.25
30-09-2020 00:00,2.33,13.13,65,144628,5605.46
01-10-2020 00:00,5,13.67,136,147988.78,5701.95
02-10-2020 00:00,5.33,13.88,36,143663.56,5566.41
03-10-2020 00:00,8.17,14.71,40,138836.41,5381.11
04-10-2020 00:00,3.38,12.38,281,132419.69,5281.71
05-10-2020 00:00,3.25,10.79,258,162000.96,6033.12
06-10-2020 00:00,2.79,10.38,50,177853.97,6348.88
07-10-2020 00:00,2.21,11.08,143,173466.55,6130.55
08-10-2020 00:00,2.79,9.67,7,198291.88,6601.34
09-10-2020 00:00,2.58,8.54,130,220340.77,7256.82
10-10-2020 00:00,2.88,7.58,175,214772.64,7145.79
11-10-2020 00:00,1.63,6.83,288,217044.69,7299.99
12-10-2020 00:00,1.13,6.88,53,248231.42,8122.16
13-10-2020 00:00,1.63,8.25,336,221952.73,7473.48
14-10-2020 00:00,4.54,7.13,279,239141.89,7952.11
15-10-2020 00:00,3,6.75,130,252246.72,8246.13
16-10-2020 00:00,1.67,6.29,360,254775,8331.81
17-10-2020 00:00,2.83,8,418,235346.86,7858.53
18-10-2020 00:00,3.5,6.58,400,222778.27,7533.43
19-10-2020 00:00,1.63,5.96,266,270293.21,8651.48
20-10-2020 00:00,3.58,8.42,2,264763.03,8312.01
21-10-2020 00:00,4.25,12.17,1,300826.33,7343.5
22-10-2020 00:00,6.75,12.25,92,207470.93,6830.98
23-10-2020 00:00,3.33,10.42,115,220683.64,7017.64
24-10-2020 00:00,3.79,10.71,251,204154.01,6570
25-10-2020 00:00,4.63,11.29,0,214409.12,6900.87
26-10-2020 00:00,3.38,8.96,23,240217.38,7435.88
27-10-2020 00:00,4.71,8.29,129,259971.26,8039.61
28-10-2020 00:00,4.17,8.75,234,259595.66,8095.25
29-10-2020 00:00,2.42,8.17,330,253195.1,7929.63
30-10-2020 00:00,2.79,10.5,0,242485.64,7645.98
31-10-2020 00:00,2.54,10.71,103,215913.53,6993.87
01-11-2020 00:00,4.71,10.92,98,217901.6,6990.54
02-11-2020 00:00,8.75,13.29,0,207120.15,6852.9
03-11-2020 00:00,5.04,8.79,287,247977.43,8038.74
04-11-2020 00:00,4.71,7.5,303,273150.63,8608.39
05-11-2020 00:00,5.54,9.58,0,272887,8400.19
06-11-2020 00:00,3.25,10.96,229,230110.05,7363.04
07-11-2020 00:00,1.29,6.92,74,238392.62,7509.28
08-11-2020 00:00,1.5,5.17,425,279266.02,8636.91
09-11-2020 00:00,3.38,6.21,2,297575.26,9091.82
10-11-2020 00:00,3,5.63,0,312135.46,9436.55
11-11-2020 00:00,2.13,4.54,0,326863.09,9883.41
12-11-2020 00:00,3.46,7.17,0,304839.65,9308.84
13-11-2020 00:00,2.63,7.33,125,295299.37,9037.96
14-11-2020 00:00,2.42,7.33,140,280820.22,8666.3
15-11-2020 00:00,4.46,10.96,174,234339.04,7474.14
16-11-2020 00:00,4.29,8.83,94,264470,8138.8
17-11-2020 00:00,5.33,10.25,0,267187,8187.9
18-11-2020 00:00,7.08,10.88,0,258800,7980.86
19-11-2020 00:00,7.04,5.63,146,307319,9294.06
20-11-2020 00:00,2.46,2.75,252,359398,10950.04
21-11-2020 00:00,6.79,8.04,0,310704,9415.19
22-11-2020 00:00,5.46,7.04,233,301766,9281.08
23-11-2020 00:00,4.13,6.33,240,323097,9778.65
24-11-2020 00:00,5.17,8.83,0,299100,9091.06
25-11-2020 00:00,3.38,6.46,11,311354,9395.62
26-11-2020 00:00,2.58,6.04,284,295083,9033.01
27-11-2020 00:00,0.25,1.63,200,360479,10803.61
28-11-2020 00:00,1.96,0.29,35,389356,11706
29-11-2020 00:00,1.04,0.25,0,392735,11829.63
30-11-2020 00:00,3.21,0.92,0,413281,12311.54
01-12-2020 00:00,1.58,3.29,8,386094,11543.82
02-12-2020 00:00,1.58,2.92,1,373560,11132.33
03-12-2020 00:00,4.83,1.17,2,403007,11976.97
04-12-2020 00:00,5.25,1.71,0,412276,12287.67
05-12-2020 00:00,3.71,3.04,1,378409,11385.63
06-12-2020 00:00,3,3.75,0,371344,11230.76
07-12-2020 00:00,5.13,5.5,0,354912,10687
08-12-2020 00:00,2.08,4.13,60,363878,10880.48
09-12-2020 00:00,2.38,3.38,0,372783,11201.95
10-12-2020 00:00,2.54,2.54,0,381217,11437.29
11-12-2020 00:00,5.08,1.46,0,408042,12195.01
12-12-2020 00:00,4.38,2.5,0,389502,11646.73
13-12-2020 00:00,3.67,2.63,6,385925,11626.15
14-12-2020 00:00,4.63,5.63,0,380704,11535.46
15-12-2020 00:00,2.46,7,0,334147,10388.13
16-12-2020 00:00,2.67,5.96,27,341498,10363.48
17-12-2020 00:00,3.96,6.71,2,336846,10281.87
18-12-2020 00:00,4.5,6.5,8,338686,10502.16
19-12-2020 00:00,3.54,5,301,327336,10289.74
20-12-2020 00:00,3.71,7.38,4,310498,9868.93
21-12-2020 00:00,4.08,5.75,89,331848,10434.65
22-12-2020 00:00,4.5,6.21,10,329009,10213.27
23-12-2020 00:00,0.83,2.38,3,366179,10961.6
24-12-2020 00:00,2.88,0.71,112,405706,11955.27
25-12-2020 00:00,1.25,-1.38,336,433432,13113.28
26-12-2020 00:00,4.83,3.08,0,409927,12215.17
27-12-2020 00:00,8.38,2.96,0,401230,11760.42
28-12-2020 00:00,2.92,2.13,0,401836,11727.59
29-12-2020 00:00,1.58,1.33,0,398249,11649.98
30-12-2020 00:00,1.5,2.71,0,388156,11430.5
31-12-2020 00:00,1.5,1.42,15,393859,11980.38
01-01-2021 00:00,0.67,0.21,34,403789,11811.96
02-01-2021 00:00,1,-0.92,14,432945,12705.21
03-01-2021 00:00,3.92,0.54,10,440531,12962.49
04-01-2021 00:00,4.5,0,0,468659,13832.28
05-01-2021 00:00,3.88,0.33,1,460847,13704.74
06-01-2021 00:00,3.79,0,0,465996,13704.74
07-01-2021 00:00,2.75,0,0,452695,13735.03
08-01-2021 00:00,2.75,0,52,453398,13663.93
09-01-2021 00:00,1.33,0.17,20,440507,13275.25
10-01-2021 00:00,2.67,1.04,4,428448,12901.95
11-01-2021 00:00,6.29,4.42,2,409233,12337.46
12-01-2021 00:00,3.71,0.71,124,421470,12954.31
13-01-2021 00:00,6.21,0.58,105,445509,13496.36
14-01-2021 00:00,3.5,-0.63,0,483337,14562.21
15-01-2021 00:00,1.5,-1.83,0,489410,14481.36
16-01-2021 00:00,1.58,-1.96,55,474999,14038.26
17-01-2021 00:00,2.17,-0.54,67,465753,13809.78
18-01-2021 00:00,2.5,1,5,456393,13512.49
19-01-2021 00:00,2.17,2.88,14,418965,12347.28
20-01-2021 00:00,7,5.88,0,388975,11447.72
21-01-2021 00:00,8.75,5.46,74,385985,11394.63
22-01-2021 00:00,6.63,4,125,398674,11815.22
23-01-2021 00:00,2.79,1.71,20,407771,12053.47
24-01-2021 00:00,0.79,0.63,111,399478,11888.76
25-01-2021 00:00,0.83,-0.92,171,449366,13342.12
26-01-2021 00:00,1.25,-0.67,377,448094,13422.31
27-01-2021 00:00,2.46,0.83,1,437059,12947.89
28-01-2021 00:00,1.04,-2.08,226,461018,13510.09
29-01-2021 00:00,3.46,-1.58,18,480490,13920.59
30-01-2021 00:00,1.88,-2.21,333,456235,13107.48
31-01-2021 00:00,1.79,-1.04,274,434767,12483.27
01-02-2021 00:00,1.46,-2.92,300,461461,13272.61
02-02-2021 00:00,1,-3.67,41,506511,14115.11
03-02-2021 00:00,6.25,-1.17,1,503240,13767.01
04-02-2021 00:00,4.88,-3.13,208,519814,14270.98
05-02-2021 00:00,6.54,-3.04,132,545264,14866.22
06-02-2021 00:00,6.54,-4.04,403,535458,14783.49
07-02-2021 00:00,8.17,-3,39,557120,15306.01
08-02-2021 00:00,7.38,-2.88,95,563316,15494.21
09-02-2021 00:00,4.96,-4.04,49,564630,15488.76
10-02-2021 00:00,2.92,-6.04,375,552160,15003.56
11-02-2021 00:00,3.25,-7.17,399,573142,15482.96
12-02-2021 00:00,1.29,-9,483,580225,15868.94
13-02-2021 00:00,0.08,-8.67,471,554439,15014.3
14-02-2021 00:00,2.25,-5.67,476,545352,14741.57
15-02-2021 00:00,3.96,-0.96,15,525414,13999.95
16-02-2021 00:00,2.96,0.08,0,486559,12999.39
17-02-2021 00:00,1.83,2.13,0,430615,11724.41
18-02-2021 00:00,3.71,4.04,84,392242,10668.3
19-02-2021 00:00,3.54,3.58,314,378991,10401.04
20-02-2021 00:00,3.17,6.38,108,344130,9612.86
21-02-2021 00:00,1.88,6.46,300,319484,9110.42
22-02-2021 00:00,2.92,6.5,366,341231,9464.79
23-02-2021 00:00,2.71,6.67,0,341492,9390.93
24-02-2021 00:00,6.38,10.08,73,315055,8794.77
25-02-2021 00:00,4.83,6.96,164,314914,9043.49
26-02-2021 00:00,5.21,4.58,276,342237,9766.6
27-02-2021 00:00,3.83,5.46,390,300469,8859.17
28-02-2021 00:00,3.83,3.71,140,333564,9872.87
01-03-2021 00:00,3.13,3.75,381,342240,9822.01
02-03-2021 00:00,1,1,242,365961,10375.86
03-03-2021 00:00,2.04,1.29,167,364675,10400.33
04-03-2021 00:00,3.42,1.5,399,347774,9970.68
05-03-2021 00:00,1.17,-0.5,572,389595,11089.6
06-03-2021 00:00,6,2.33,194,382721,10670.32
07-03-2021 00:00,4.83,2.04,276,374000,10517.75
08-03-2021 00:00,1.33,-0.79,557,410097,11535.62
09-03-2021 00:00,1.75,0.08,594,391251,11071.91
10-03-2021 00:00,4.83,0.88,45,420172,11702.13
11-03-2021 00:00,8.17,4.71,0,387484,10874.93
12-03-2021 00:00,6.13,3.75,18,385029,10811.89
13-03-2021 00:00,3.42,2.54,14,374806,10530.41
14-03-2021 00:00,5.29,3.58,193,366368,10430.79
15-03-2021 00:00,5.08,3.33,133,384056,10983.09
16-03-2021 00:00,2.83,2.33,421,362615,10472.95
17-03-2021 00:00,1.67,2.17,309,366380,10608.1
18-03-2021 00:00,1.75,1.92,428,360578,10574.33
19-03-2021 00:00,2.46,0.29,388,383529,11082.29
20-03-2021 00:00,5.67,2.83,10,391603,11046.78
21-03-2021 00:00,5.67,4,504,344781,10079.84
22-03-2021 00:00,4.33,4.04,41,366605,10516.59
23-03-2021 00:00,4.13,4.58,1,361526,10546.57
24-03-2021 00:00,4.38,6,43,340916,10251.06
25-03-2021 00:00,3.33,5.04,209,335049,10298.33
26-03-2021 00:00,3.79,6.96,20,325842,9937.71
27-03-2021 00:00,4.46,4.83,223,303969,9323.96
28-03-2021 00:00,6,5.63,3,327994,9706.25
29-03-2021 00:00,6.63,7.88,5,327752,9817.36
30-03-2021 00:00,4.25,8.58,641,265781,8404.78
31-03-2021 00:00,2.42,8.88,600,236748,7849.66
01-04-2021 00:00,4.04,6.17,389,240879,7932.14
02-04-2021 00:00,4.67,5.13,505,271604,8507.11
03-04-2021 00:00,1.54,4.04,688,276719,8799.62
04-04-2021 00:00,6.83,4.96,4,294698,9180.62
05-04-2021 00:00,8.21,1.58,332,354813,10094.04
06-04-2021 00:00,7.13,2.17,360,369760,10488.52
07-04-2021 00:00,6.5,3.13,263,355051,10132.46
08-04-2021 00:00,6.54,3.21,105,384497,10855.15
09-04-2021 00:00,7.54,4.17,344,329503,9573.72
10-04-2021 00:00,3.21,3,547,322122,9504.24
11-04-2021 00:00,4.33,1.13,9,355889,10316.89
12-04-2021 00:00,4.96,2.58,410,358312,10278.29
13-04-2021 00:00,5.5,3.67,395,338497,9661.19
14-04-2021 00:00,2.17,3.33,435,326192,9295.95
15-04-2021 00:00,2.21,4,523,325813,9379.82
16-04-2021 00:00,2.54,5.29,588,293691,8732.28
17-04-2021 00:00,3,7.08,461,264294,7984.51
18-04-2021 00:00,2.46,9.25,613,219105,6934
19-04-2021 00:00,2.58,10.21,792,200710,6476.93
20-04-2021 00:00,2.13,9.21,787,187487,6220.04
21-04-2021 00:00,7.79,6.08,386,218393,6913.09
22-04-2021 00:00,7.21,5.83,548,262820,7908.27
23-04-2021 00:00,4.88,5.63,588,253049,7742.06
24-04-2021 00:00,3.54,4.54,743,241851,7498.31
25-04-2021 00:00,2.42,3.63,641,252897,7784.57
26-04-2021 00:00,1.04,3.63,525,265016,7986.29
27-04-2021 00:00,1.79,4.58,700,258305,7833.39
28-04-2021 00:00,3.42,6.29,446,246765,7542.55
29-04-2021 00:00,4.67,7.04,106,264003,7870.69
30-04-2021 00:00,2.17,5.92,21,272534,8017.29
01-05-2021 00:00,2.79,7.42,194,234439,7097.75
02-05-2021 00:00,2.63,6.63,60,245910,7381.66
03-05-2021 00:00,4.08,6.21,427,262166,7784.7
04-05-2021 00:00,4.96,6.08,10,268769,8034.9
05-05-2021 00:00,4,5.83,51,269197,8249.62
06-05-2021 00:00,3.79,4.5,114,282510,8810.85
07-05-2021 00:00,3.33,4.71,277,277055,8708.49
08-05-2021 00:00,4.13,7.21,469,248736,7967.74
09-05-2021 00:00,4.63,13.75,426,188313,6565.57
10-05-2021 00:00,3.42,13.63,287,156469,5889.78
11-05-2021 00:00,2.54,11.04,44,179293,6378.7
12-05-2021 00:00,3.29,10.13,7,196992,6550.52
13-05-2021 00:00,2.63,9.42,6,208839,6511.14
14-05-2021 00:00,2.83,8.96,20,215793,6609.35
15-05-2021 00:00,2.75,7.13,24,235025,7463.09
16-05-2021 00:00,2,9.08,99,225381,6880.02
17-05-2021 00:00,2.33,9.42,214,215589,6880.02
18-05-2021 00:00,2.42,8.71,154,212924,7263.58
19-05-2021 00:00,3.13,8.13,363,216725,7263.58
20-05-2021 00:00,4.46,8.71,386,207773,6622.54
21-05-2021 00:00,4.33,9.25,99,199891,6480.85
22-05-2021 00:00,4.88,9.04,6,214197,6614.85
23-05-2021 00:00,6.13,8.42,262,223908,6904.87
24-05-2021 00:00,2.88,9.92,9,220680,6815.6
25-05-2021 00:00,1.88,9.75,24,214477,6688.18
26-05-2021 00:00,2.96,9.08,2,221114,6848.66
27-05-2021 00:00,3.63,9.96,231,209015,6583.09
28-05-2021 00:00,3.42,9.21,187,202385,6449.28
29-05-2021 00:00,2.71,11.54,627,179773,5948.2
30-05-2021 00:00,1.42,12.58,830,143985,5181.61
31-05-2021 00:00,2.46,12.63,819,135094,5005.14
01-06-2021 00:00,1.79,12.79,488,127549,4836.22
02-06-2021 00:00,4.04,13.33,419,124363,4692.33
03-06-2021 00:00,5.5,16.5,320,112395.01,4383.34
04-06-2021 00:00,3.29,16.5,718,99639,4070.46
05-06-2021 00:00,3.13,17.46,471,87433,3840.64
06-06-2021 00:00,1.33,14.83,42,107778,4330.74
07-06-2021 00:00,2.08,14.54,468,107778,4581.8
08-06-2021 00:00,2.75,14.46,762,102829,4554.22
09-06-2021 00:00,2.17,14.79,751,95140,4312.79
10-06-2021 00:00,2.13,16.29,783,88273,4126.51
11-06-2021 00:00,3.38,16.21,126,84914,4306.96
12-06-2021 00:00,5.96,13.33,340,96066.05,4393.94
13-06-2021 00:00,5.63,14,665,104397.02,4675.99
14-06-2021 00:00,4.38,14.46,301,96674,4321.27
15-06-2021 00:00,2.71,12.63,716,107975.01,4429.75
16-06-2021 00:00,1.92,14.67,908,100137,4221.74
17-06-2021 00:00,3.79,21.67,737,77294,3651.95
18-06-2021 00:00,2.63,18.42,356,70578,3559.04
19-06-2021 00:00,3.33,17.38,364,69352,3509.89
20-06-2021 00:00,4.17,14.08,48,85100.02,3886.56
21-06-2021 00:00,3.13,12.21,6,106231.03,4365.23
22-06-2021 00:00,3.92,13.25,139,106231.03,4694.32
23-06-2021 00:00,2.71,13.33,223,117730.15,4560.5
24-06-2021 00:00,2.04,13.29,612,117730.15,4455.43
25-06-2021 00:00,1.83,13.79,363,101096.02,4270.61
26-06-2021 00:00,2,15.88,305,83747.82,3956.93
27-06-2021 00:00,3.04,14.21,346,90280.02,4014.18
28-06-2021 00:00,1.71,15.54,943,93043.03,4091.83
29-06-2021 00:00,2.38,14.83,203,89065.04,4091.6
30-06-2021 00:00,2.17,15.67,76,87831.12,4065.98
01-07-2021 00:00,2.88,16.96,409,91152.05,3988.27
02-07-2021 00:00,2.71,15.08,243,84970.01,4067.49
03-07-2021 00:00,2.13,15.75,5,86559.03,4120.8
04-07-2021 00:00,1.17,17.67,505,86559.03,3878.39
05-07-2021 00:00,2.46,15.79,247,78723.01,3878.39
06-07-2021 00:00,3.5,16.46,167,85679.03,4164.38
07-07-2021 00:00,3.67,16.75,547,83186.01,4062.59
08-07-2021 00:00,1.54,17.33,651,78243,3935.61
09-07-2021 00:00,1.92,16.75,258,73898,3483.25
10-07-2021 00:00,3.92,15.13,158,79011,3786.73
11-07-2021 00:00,1.17,16.42,535,78300,3923.1
12-07-2021 00:00,4.17,20.04,506,70631,3771.83
13-07-2021 00:00,2.88,20.92,457,62601,3576.06
14-07-2021 00:00,1.83,22.54,707,58471,3463.21
15-07-2021 00:00,3.42,19.92,760,56748,3423.95
16-07-2021 00:00,2.79,20.71,890,57646,3611.87
17-07-2021 00:00,4.83,18.42,924,55990,3506.36
18-07-2021 00:00,5.71,15.63,312,63675.01,3694.28
19-07-2021 00:00,4.29,15.21,604,71474.01,3911.42
20-07-2021 00:00,4.88,15.25,124,74675.01,3989.87
21-07-2021 00:00,3.33,14.75,193,78912.01,4062.87
22-07-2021 00:00,3.08,15.38,259,78124.01,4001.36
23-07-2021 00:00,1.5,15.96,252,78124.01,3962.65
24-07-2021 00:00,2.88,18.46,600,70642.01,3833.95
25-07-2021 00:00,5.29,20,212,61915.01,3592.21
26-07-2021 00:00,1.92,19.42,87,61454.01,3519.61
27-07-2021 00:00,2.08,17.83,298,63407.01,3558.26
28-07-2021 00:00,3.54,16.67,139,69566,3695.55
29-07-2021 00:00,5.21,14.33,221,79548.01,3966.84
30-07-2021 00:00,5.33,16.29,219,80288.01,3976.45
31-07-2021 00:00,3.08,15.04,98,79775,3938.29
01-08-2021 00:00,4.33,14.58,328,85731.01,4127.56
02-08-2021 00:00,4.04,14.88,299,89536.02,4190.24
03-08-2021 00:00,2.54,13.67,129,92602.01,4292.41
04-08-2021 00:00,0.92,13.75,273,94513.01,4318.4
05-08-2021 00:00,2.71,14.83,199,95537.02,4338.4
06-08-2021 00:00,5.42,17,303,84509.01,4138.92
07-08-2021 00:00,2.96,16.08,381,76513.02,3991.62
08-08-2021 00:00,3.33,15.04,204,80810.01,4077.47
09-08-2021 00:00,3.58,15.67,296,85586.01,4188.72
10-08-2021 00:00,1.88,14.42,235,86376.01,4115.64
11-08-2021 00:00,2.25,15,491,87869,4013.36
12-08-2021 00:00,2.46,17.46,436,78262.03,4013.36
13-08-2021 00:00,4,16.42,254,76991.01,3499.83
14-08-2021 00:00,5,15.92,238,79348.04,3787.6
15-08-2021 00:00,3.33,14.71,289,83089.04,4154.26
16-08-2021 00:00,2.88,12.33,133,100708.01,4581.73
17-08-2021 00:00,6.17,14.96,309,103288.02,4637.48
18-08-2021 00:00,5.92,13.71,34,110871.01,4795.58
19-08-2021 00:00,4.83,13.92,258,114764.03,4893
20-08-2021 00:00,2.54,13.29,243,112839.02,4863.48
21-08-2021 00:00,1.21,12.83,473,108121.02,4690.16
22-08-2021 00:00,2.5,13.96,390,99033.29,4562.63
23-08-2021 00:00,1.54,14.75,698,100186.02,4593.62
24-08-2021 00:00,1.75,14.29,691,94266.03,4422.97
25-08-2021 00:00,5.17,14.25,137,98649.03,4398.73
26-08-2021 00:00,4.63,13.79,180,112953.01,4773.49
27-08-2021 00:00,5.13,14.54,55,116297.02,4750.05
28-08-2021 00:00,4,14.5,54,109378.11,4293.27
29-08-2021 00:00,3.42,15.71,186,102885.27,4390.06
30-08-2021 00:00,2.5,15.38,650,97571.02,4210.35
31-08-2021 00:00,1.5,14.63,648,96569.03,4509.03
01-09-2021 00:00,2.54,14.38,556,95930.03,4497.09
02-09-2021 00:00,2.21,14.88,358,93112.01,4423.71
03-09-2021 00:00,4.63,14.25,575,94311.02,4403.09
04-09-2021 00:00,2.67,13.54,690,91846,4344.68
05-09-2021 00:00,2.33,12.83,640,97697,4550.93
06-09-2021 00:00,1.04,12.54,128,107574,4788.9
07-09-2021 00:00,1.42,14.63,113,107222,4754.76
08-09-2021 00:00,1.58,17.25,618,88431,4277.3
09-09-2021 00:00,2.04,17.54,693,79780,4101.73
10-09-2021 00:00,1.71,16.71,43,79309,4052.82
11-09-2021 00:00,2.75,17.42,71,75282,3944.55
12-09-2021 00:00,4.58,15.83,231,81112,4136.24
13-09-2021 00:00,3.04,14.38,106,102091,4552.04
14-09-2021 00:00,1.13,14.33,173,100245,4526.37
15-09-2021 00:00,3.5,14.08,0,100245,4820.29
16-09-2021 00:00,2.88,14.42,40,108934,4659.26
17-09-2021 00:00,3.63,11.83,3,139258,5373.18
18-09-2021 00:00,2.46,13.42,0,139258,5373.18
19-09-2021 00:00,2.83,11.17,56,143008,5403.89
20-09-2021 00:00,1.08,10.29,70,170974,6160.2
21-09-2021 00:00,3,11.83,121,166973,6004.38
22-09-2021 00:00,3.83,13.79,465,145030,5493.4
23-09-2021 00:00,8.17,13.46,98,138725,5158.93
24-09-2021 00:00,5.17,13.33,27,159805,5671.83
25-09-2021 00:00,2.46,13.04,405,130322,5085.51
26-09-2021 00:00,2.5,14,135,136197,5209.66
27-09-2021 00:00,3,15.21,15,129923,4883.57
28-09-2021 00:00,1.88,12.08,436,129923,5226.7
29-09-2021 00:00,3.17,12.13,90,146124,5606.97
30-09-2021 00:00,4.13,10.42,91,174130,6230.62
01-10-2021 00:00,6,11.75,2,188887,6657.2
02-10-2021 00:00,3.08,12.46,63,156701,5750.81
03-10-2021 00:00,4.04,12.92,0,156701,5750.81
04-10-2021 00:00,3.92,11.88,113,185040,6697.24
05-10-2021 00:00,3.08,10.92,173,188998,7188.34
06-10-2021 00:00,1.96,10.92,267,177265,6470.73
07-10-2021 00:00,1.33,9.08,493,204221.39,6673.21
08-10-2021 00:00,1.71,9,397,194149,6836.99
09-10-2021 00:00,1.83,9.42,247,182984,6344.62
10-10-2021 00:00,2.21,8.38,215,211066,6956.79
11-10-2021 00:00,4.17,8.75,292,207308,6776.4
12-10-2021 00:00,1.79,5.79,459,236574,7517.38
13-10-2021 00:00,2.33,6.92,209,259434,8110.99
14-10-2021 00:00,4.88,11,80,220721,7044.18
15-10-2021 00:00,5.96,9.33,373,218664,7122.26
16-10-2021 00:00,3.46,7.92,156,229789,7301.09
17-10-2021 00:00,1.46,8.21,39,231181,7339.96
18-10-2021 00:00,2.13,10,0,225229,7163.3
19-10-2021 00:00,4,12.04,0,306462,7056.02
20-10-2021 00:00,4.92,13.04,9,182803,6144.45
21-10-2021 00:00,5.29,7.5,143,182803,7251.75
22-10-2021 00:00,6,6.54,205,280055,8352.06
23-10-2021 00:00,3.21,7.04,255,409622,8337.51
24-10-2021 00:00,3.46,8.38,249,252179,7734.65
25-10-2021 00:00,3.21,8.13,33,252179,8245.42
26-10-2021 00:00,2.75,9.83,205,239121,7452.34
27-10-2021 00:00,6.92,13.25,0,215224,6903.57
28-10-2021 00:00,4.38,11.67,292,205691,6713.27
29-10-2021 00:00,3.63,10.08,363,221767,7013.26
30-10-2021 00:00,3.38,10.46,64,215959,6859.83
31-10-2021 00:00,3.83,10.13,111,234272,7336.02
01-11-2021 00:00,5.25,9.75,90,235730,7315.7
02-11-2021 00:00,2,6.75,217,261469,7925.95
03-11-2021 00:00,1.04,4.29,242,288578,8603.69
04-11-2021 00:00,1.83,4,12,326772,9644.29
05-11-2021 00:00,4.13,7.08,198,303417,9033.37
06-11-2021 00:00,5,9.54,2,267563,8144.01
07-11-2021 00:00,3.92,7.54,80,267563,8144.01
08-11-2021 00:00,1.71,6.38,46,292962,8853.57
09-11-2021 00:00,5.04,8.83,0,288498,8555.35
10-11-2021 00:00,2.88,9.71,6,254172,7889.69
11-11-2021 00:00,2.5,8.25,61,266161,8145.57
12-11-2021 00:00,3.04,7.13,0,285124,8544.32
13-11-2021 00:00,2.88,6.58,0,288899,8666.76
14-11-2021 00:00,2.92,7.29,0,289053,8706.33
15-11-2021 00:00,1.54,6.33,0,307096,9131.9
16-11-2021 00:00,1.71,4.38,0,324988,9662.09
17-11-2021 00:00,3.46,5.63,96,322650,9541.27
18-11-2021 00:00,5.58,9.38,0,300315,8982.26
19-11-2021 00:00,6.63,10.75,93,259299,7965.24
20-11-2021 00:00,6.08,9.54,1,256456,7791.39
21-11-2021 00:00,3,3.79,177,304672,9050.03
22-11-2021 00:00,2.21,3.17,296,366044,10833.58
23-11-2021 00:00,4.29,6.33,245,318369,9440.34
24-11-2021 00:00,3.46,6.67,51,317625,9418.68
25-11-2021 00:00,3.71,4.92,196,314168,9339.77
26-11-2021 00:00,3.46,2,83,363192,10603.63
27-11-2021 00:00,3.83,2.08,109,354097,10429.91
28-11-2021 00:00,1.54,1.25,2,367717,10800.26
29-11-2021 00:00,2.79,0.13,312,339691,9866.07
30-11-2021 00:00,5.67,2.13,200,334880,9656.22
01-12-2021 00:00,6.5,1.83,0,342361,9831.06
02-12-2021 00:00,4.04,0.04,275,435650,13120.08
03-12-2021 00:00,3.21,1.75,0,428514,12653.08
04-12-2021 00:00,3.08,1.58,5,405659,11813.7
05-12-2021 00:00,6.92,0.96,0,423862,12298.69
06-12-2021 00:00,4.25,-0.08,41,472608,13555.56
07-12-2021 00:00,5.46,0.92,5,459495,12960.52
08-12-2021 00:00,5.96,1.42,0,451995,12809.75
09-12-2021 00:00,3.71,0.88,2,440297,12475.47
10-12-2021 00:00,2.13,1.38,0,430567,12185.13
11-12-2021 00:00,1.46,0.42,131,419931,12040.8
12-12-2021 00:00,2.92,4.21,0,402113,11524.26
13-12-2021 00:00,3,7.42,0,355428,10318.54
14-12-2021 00:00,2.83,5.08,145,360607,10455.2
15-12-2021 00:00,5.13,7.75,40,343673,10265.34
16-12-2021 00:00,3.33,5.46,344,344044,10094.5
17-12-2021 00:00,3.96,6.21,2,349916,10146.48
18-12-2021 00:00,6.08,6.58,217,321847.45,9681.76
19-12-2021 00:00,5.13,4.29,262,337634.05,10084.59
20-12-2021 00:00,0.96,-1.38,338,437803.24,12749.35
21-12-2021 00:00,0.96,-1.63,98,478752.05,13982.19
22-12-2021 00:00,1.42,1.08,131,447447.04,13551.17
23-12-2021 00:00,1.71,-0.88,0,455340.05,13580.04
24-12-2021 00:00,2.42,-4.5,134,476379.06,14521.16
25-12-2021 00:00,0.38,-7.79,331,536907.15,16513.62
26-12-2021 00:00,0.88,-7.13,331,539309.16,16213.82
27-12-2021 00:00,4.92,-2.58,150,556147.1,16547.38
28-12-2021 00:00,3.96,0,0,487203.04,14466.85
29-12-2021 00:00,1.75,0.79,0,455453.04,13442.15
30-12-2021 00:00,4.67,7,4,390227.02,11834.59
31-12-2021 00:00,3.96,7.88,0,341224.09,10644.06
01-01-2022 00:00,3.96,8.17,0,316680.13,10011.19
02-01-2022 00:00,3.88,7.58,0,316680.13,9803.98
03-01-2022 00:00,6.29,6.63,4,474479.03,10410.29
04-01-2022 00:00,3.08,2.5,134,474479.03,10410.29
05-01-2022 00:00,3.92,1.54,83,410264.06,12286.98
06-01-2022 00:00,1.75,-0.71,333,457391.05,13820.62
07-01-2022 00:00,4.29,1.79,61,437492.68,13037.58
08-01-2022 00:00,3.71,1.67,146,415165.44,12453.57
09-01-2022 00:00,3.17,0.33,0,432521.31,12975.99
10-01-2022 00:00,2.46,1.17,26,451803.54,13803.85
11-01-2022 00:00,2.92,2.04,22,443343.15,13555.41
12-01-2022 00:00,3.58,3.83,31,421270.1,12910.78
13-01-2022 00:00,6.75,6.33,8,376836.12,11592.18
14-01-2022 00:00,6.13,4.5,288,369313.04,11553.68
15-01-2022 00:00,2.17,1.92,116,403369.08,12415.97
16-01-2022 00:00,6.13,4.46,5,382247.1,11813.48
17-01-2022 00:00,7.33,4.04,355,401057.03,12296.82
18-01-2022 00:00,4.54,4.71,113,388304.06,11875.42
19-01-2022 00:00,7.71,4.13,0,398847.05,12080.56
20-01-2022 00:00,6.96,-0.04,295,459346.06,13989.25
21-01-2022 00:00,3.67,2.17,130,451785.03,13732.3
22-01-2022 00:00,3.75,5.46,26,451785.03,13732.3
23-01-2022 00:00,3.54,5.58,2,358743.04,11097.91
24-01-2022 00:00,4.38,4.38,0,387458.04,11821.81
25-01-2022 00:00,4.25,5.38,35,370837.07,11344.94
26-01-2022 00:00,6.88,4.96,35,380931.07,11542.73
27-01-2022 00:00,11.08,5.58,94,380583.07,11436.56
28-01-2022 00:00,5.38,3.54,306,403143.05,12180.69
29-01-2022 00:00,12.08,6.46,19,363654.06,10977.64
30-01-2022 00:00,9.92,4.04,310,395307.08,12179.92
31-01-2022 00:00,2.13,1.54,44,407521.09,12386.39
01-02-2022 00:00,7.08,4.08,32,402474.16,12014.03
02-02-2022 00:00,6.83,3.88,311,398284.05,11939.24
03-02-2022 00:00,3.96,5.46,0,371627.53,11286.38
04-02-2022 00:00,4.83,3.79,1,374661.32,11404.18
05-02-2022 00:00,6.92,3.63,139,388445.38,11921.42
06-02-2022 00:00,4.92,3,83,371383.33,11749.36
07-02-2022 00:00,6.79,3.04,319,407052.04,12269.55
08-02-2022 00:00,6.38,5.96,288,359080.1,10939.98
09-02-2022 00:00,5.92,5.46,135,354969.01,10827.5
10-02-2022 00:00,4.21,2.96,189,403557.24,12295.08
11-02-2022 00:00,3.04,0.63,344,428084.14,12641.62
12-02-2022 00:00,5.75,1.83,115,411399.14,12382.61
13-02-2022 00:00,5.92,3.04,0,384761.06,11224.76
14-02-2022 00:00,7.42,6.67,2,379762.08,11176.95
15-02-2022 00:00,6.42,4.5,127,377834.48,11083.57
16-02-2022 00:00,6.75,5.17,1,381872.53,11265.09
17-02-2022 00:00,8.79,4.38,101,409266.1,11998.31
18-02-2022 00:00,5.13,2.83,7,397226.79,11704.93
19-02-2022 00:00,7.21,3.13,167,408854.07,12360.17
20-02-2022 00:00,5.38,3.33,0,380982.05,11368.64
21-02-2022 00:00,8.38,4.33,237,407468.05,12316.72
22-02-2022 00:00,5.33,3.42,49,391701.13,11580.96
23-02-2022 00:00,7.38,5.25,151,394861.57,11506.84
24-02-2022 00:00,5.21,3.08,11,402396.09,11747.65
25-02-2022 00:00,5.13,3,240,378941.8,11355.51
26-02-2022 00:00,1.21,1.96,493,372176.03,11556.9
27-02-2022 00:00,2.96,1.71,545,376487.04,11187.61
28-02-2022 00:00,3.58,2.46,550,415408.13,12174.21
01-03-2022 00:00,1.58,1.17,14,383051.22,11440.52
02-03-2022 00:00,0.96,1.79,378,327529.6,10914.77
03-03-2022 00:00,1.63,1.29,457,364753.09,11145.4
04-03-2022 00:00,1.79,0.71,468,377791.82,11396.46
05-03-2022 00:00,1.38,-0.17,377,367109.04,11504.82
06-03-2022 00:00,1.38,1.13,562,377131.46,11341.79
07-03-2022 00:00,0.88,0.5,589,343768.49,10182.11
08-03-2022 00:00,1.25,2.33,465,342125.03,10057.14
09-03-2022 00:00,3.13,2.46,553,341513.69,9984.45
10-03-2022 00:00,4.79,3.29,542,343980.41,10272.5
11-03-2022 00:00,6.88,3.21,613,330005.12,10192
12-03-2022 00:00,5,3.38,554,315083.78,9882.71
13-03-2022 00:00,4.79,4.21,591,320790.64,9690.38
14-03-2022 00:00,3.04,5.33,471,296561.7,9550.22
15-03-2022 00:00,1.63,4.67,333,341636.45,10177.32
16-03-2022 00:00,3.21,2.38,200,369865.09,10545.37
17-03-2022 00:00,5.63,4.29,61,324057.06,9499.03
18-03-2022 00:00,2.75,5.13,596,309256.45,9223.89
19-03-2022 00:00,2.46,3.75,629,309311.67,9184.73
20-03-2022 00:00,5.75,3.63,557,313455.06,9183.43
21-03-2022 00:00,3.42,4.83,475,292760.48,8780.39
22-03-2022 00:00,1.08,5.96,540,262924.13,8056.38
23-03-2022 00:00,2.13,6.63,635,262715.11,7987.87
24-03-2022 00:00,0.96,6.25,674,249805.12,7750.57
25-03-2022 00:00,3,6.83,575,221330.44,7051.5
26-03-2022 00:00,3.88,7.88,553,247393.62,7539.24
27-03-2022 00:00,4.08,4.75,510,300093.12,8819.62
28-03-2022 00:00,5.25,5.04,82,315762.86,9445.43
29-03-2022 00:00,4.04,2.96,422,352602.92,10332.1
30-03-2022 00:00,3.88,0.58,287,362520.73,10669.95
31-03-2022 00:00,4,1.13,589,364500.13,10798.46
01-04-2022 00:00,3.42,1.13,435,350521.43,10353.99
02-04-2022 00:00,2.83,0.79,486,336917.72,9940.13
03-04-2022 00:00,5.04,2.75,297,353575.09,10201.09
04-04-2022 00:00,9.42,4.5,76,349759.62,10179.4
05-04-2022 00:00,4.92,2.75,307,345360.18,9874.03
06-04-2022 00:00,5.21,4.88,23,320245.74,9149.39
07-04-2022 00:00,5.58,4.96,134,339770.11,9737.33
08-04-2022 00:00,7.38,3.17,395,324672.5,9386.22
09-04-2022 00:00,8.04,3.79,384,333093.15,9724.87
10-04-2022 00:00,6.58,3.17,368,331466.12,9696.22
11-04-2022 00:00,3,3.46,543,316807.6,9626.36
12-04-2022 00:00,4.96,5.58,384,253296.16,8211.88
13-04-2022 00:00,4.08,9.71,251,263160.75,8164.49
14-04-2022 00:00,3.83,6.79,1,300776.16,8818.98
15-04-2022 00:00,3.5,6.08,0,259176.5,7916.29
16-04-2022 00:00,1.25,6.5,628,231259.34,7346.21
17-04-2022 00:00,1.21,7.13,770,211443.08,6714.57
18-04-2022 00:00,2.29,8.54,787,197003.08,6353.16
19-04-2022 00:00,1.67,8.71,747,176904.15,6146.76
20-04-2022 00:00,2.08,9.17,771,174616.49,5928.8
21-04-2022 00:00,3.58,9.67,788,167518.11,5866.89
22-04-2022 00:00,4.5,10.29,778,163974.49,5677.42
23-04-2022 00:00,4.42,9.17,795,174630.2,6087.36
24-04-2022 00:00,5,8.33,473,201959.51,6517.66
25-04-2022 00:00,2.38,6.88,632,211554.58,6714.85
26-04-2022 00:00,2.33,6.25,462,214491.2,6925.12
27-04-2022 00:00,2.17,7.42,584,194644.47,6421.56
28-04-2022 00:00,3.92,7.54,828,206117.15,6568.95
29-04-2022 00:00,3.83,7.42,345,193331.52,6385.29
30-04-2022 00:00,2.54,7.92,520,190974.26,6508.22
01-05-2022 00:00,2.08,6.42,479,190886.56,6371.49
02-05-2022 00:00,3.71,7.63,568,174658.87,5980.54
03-05-2022 00:00,2.92,9.67,686,171173.59,5945.52
04-05-2022 00:00,2.08,7.54,659,210973.12,6723.6
05-05-2022 00:00,2.54,6.63,206,198160.13,6338.83
06-05-2022 00:00,3.08,10.13,97,171468.45,5794.89
07-05-2022 00:00,4.79,9.33,562,171802.19,5993.11
08-05-2022 00:00,2.54,9.88,845,143705.34,5201.17
09-05-2022 00:00,3.25,12.04,774,144482.55,5231.46
10-05-2022 00:00,3.92,11.63,8,176782.31,6062.53
11-05-2022 00:00,4.29,10.29,0,168557.1,5846.4
12-05-2022 00:00,5.67,10.46,527,164234.15,5693.67
13-05-2022 00:00,5.46,10.71,92,155871.45,5814.76
14-05-2022 00:00,5.63,10.5,581,146239.9,5801.36
15-05-2022 00:00,1.83,10.83,528,136309.33,5199.6
16-05-2022 00:00,3.83,12.54,260,124661.33,4960.75
17-05-2022 00:00,4.08,14.29,549,107698.73,4881.67
18-05-2022 00:00,3.42,15.54,531,91938.02,4829.72
19-05-2022 00:00,1.58,14.38,156,113968.13,4810.39
20-05-2022 00:00,2.46,12.33,227,123808.22,5115.68
21-05-2022 00:00,5,11.25,234,118868.79,5075.31
22-05-2022 00:00,2.38,12.38,604,104586.11,4668.74
23-05-2022 00:00,5.29,14.46,731,112162.07,4985.23
24-05-2022 00:00,5,12.42,75,124948.46,5381.85
25-05-2022 00:00,5.08,12.04,371,120964.04,5332.18
26-05-2022 00:00,6.83,11.75,442,141665.06,5824.16
27-05-2022 00:00,6.88,9.21,436,147873.05,5918.75
28-05-2022 00:00,5.83,10.5,403,133214.09,5658.26
29-05-2022 00:00,3.42,10.29,611,153495.17,5992.63
30-05-2022 00:00,1.38,9.5,60,162127.18,6219.18
31-05-2022 00:00,1.54,9.75,146,149332.43,5828.7
01-06-2022 00:00,2.46,10.13,565,163148.26,6098.84
02-06-2022 00:00,4.88,9.83,0,162293.06,6120.52
03-06-2022 00:00,4.04,10.88,226,135327.15,5571.76
04-06-2022 00:00,1.96,11.83,452,119244.14,5242.99
05-06-2022 00:00,1.5,13.46,561,107928.16,4999.17
06-06-2022 00:00,3.96,14.08,245,137990.13,4999.17
07-06-2022 00:00,4.29,11.13,6,146267.29,5226.01
08-06-2022 00:00,2.46,12.42,45,125595.05,4930.84
09-06-2022 00:00,3.08,14.08,83,112298.06,4993.33
10-06-2022 00:00,3.63,14.54,276,100190.08,4723.26
11-06-2022 00:00,3.83,14.54,604,99690.04,4840.7
12-06-2022 00:00,4.38,13.42,306,115773.12,5184.89
13-06-2022 00:00,5,12.04,440,114922.1,5066.58
14-06-2022 00:00,4.29,13.17,192,114922.1,4902.37
15-06-2022 00:00,2.71,12.67,414,105173.03,4507.18
16-06-2022 00:00,3.83,14.08,817,98225.03,4387.31
17-06-2022 00:00,3,15.75,194,86347.05,4124.14
18-06-2022 00:00,3.58,15.79,469,96073.5,4438.42
19-06-2022 00:00,2.38,11.88,278,106376.04,4521.81
20-06-2022 00:00,1.83,11.92,334,103196.22,4455.52
21-06-2022 00:00,4.17,13.46,474,100291.19,4330.45
22-06-2022 00:00,3.29,13.29,45,95297.14,4230
23-06-2022 00:00,1.54,16.5,655,75879.01,3740.54
24-06-2022 00:00,3.96,19.58,741,68033.04,3534.27
25-06-2022 00:00,1.17,18.79,528,65198.01,3486.45
26-06-2022 00:00,3.04,19.21,469,82992.03,3983.43
27-06-2022 00:00,2.29,13.21,0,88966.18,4016.9
28-06-2022 00:00,1.92,14.96,602,76979.17,3773.82
29-06-2022 00:00,2.63,17.08,799,66589.69,3490.42
30-06-2022 00:00,2.83,18.88,882,68635.01,3547.6
01-07-2022 00:00,3.25,15.71,64,72872.41,3570.46
02-07-2022 00:00,3.92,15.79,674,66276.53,3506.71
03-07-2022 00:00,2.79,17.38,488,72020.11,3567.61
04-07-2022 00:00,3.96,14.21,376,85412.11,3892.35
05-07-2022 00:00,3.79,13.42,324,88123.1,4050.99
06-07-2022 00:00,4.33,13.67,405,82672.05,3759.03
07-07-2022 00:00,5.29,15.08,472,86616.01,3974.46
08-07-2022 00:00,5.83,14.13,280,83550.73,3909.83
09-07-2022 00:00,6.21,13.58,280,87223.69,4008.51
10-07-2022 00:00,4.88,13.25,554,82275.11,3785.76
11-07-2022 00:00,2.33,14.88,819,70293.11,3420.96
12-07-2022 00:00,3.25,16.96,243,68403.14,3374.11
13-07-2022 00:00,4.71,16.25,591,79822.24,3654.09
14-07-2022 00:00,5.46,13.13,355,92632.01,4037.69
15-07-2022 00:00,5,13,314,89180.15,4026.95
16-07-2022 00:00,5.92,13.17,576,83276.13,3921.7
17-07-2022 00:00,4.29,15,250,72628.1,3638.53
18-07-2022 00:00,3.58,18.33,477,64154.11,3340.32
19-07-2022 00:00,1.58,20.92,834,52655.11,3090.68
20-07-2022 00:00,3.42,23.58,859,56328.13,3623.56
21-07-2022 00:00,3.29,16.38,110,74485.04,4010.28
22-07-2022 00:00,5.38,13.79,0,87101.09,4325.26
23-07-2022 00:00,3.88,12.83,22,84427.13,4040.47
24-07-2022 00:00,3.38,15.67,162,72543.03,3576.4
25-07-2022 00:00,3.33,17.92,116,83361.03,3938.4
26-07-2022 00:00,6.54,13.54,317,100258.02,4642.32
27-07-2022 00:00,6.04,12.63,54,98122.05,4571.28
28-07-2022 00:00,2.38,13.13,468,85247.03,4265.11
29-07-2022 00:00,1.25,14.71,707,71658.01,3725.04
30-07-2022 00:00,1.63,16.33,190,68942.04,4056.94
31-07-2022 00:00,1.08,16.33,20,78885.03,4056.94
01-08-2022 00:00,4.04,13.88,814,86132.02,5205.77
02-08-2022 00:00,3.29,14.13,192,73287.06,4919.8
03-08-2022 00:00,3.71,18.75,95,67354.09,5164.76
04-08-2022 00:00,3,18.67,354,84078.04,4783.21
05-08-2022 00:00,3.13,13.67,335,86616.74,4681.78
06-08-2022 00:00,4.04,12.83,432,89964.03,4828.46
07-08-2022 00:00,2.21,13.58,92,89964.03,4655.58
08-08-2022 00:00,2.13,15.54,460,80992.01,4129.71
09-08-2022 00:00,1.63,15.67,427,77663.03,3912.9
10-08-2022 00:00,1,16.29,654,70459.13,3772.23
11-08-2022 00:00,0.88,18.88,779,62502.03,3772.23
12-08-2022 00:00,1.58,20.42,839,56374.11,3284.66
13-08-2022 00:00,1.38,21.21,782,52311.05,3246.08
14-08-2022 00:00,3.04,21.79,256,54763.08,3239.15
15-08-2022 00:00,3,21.83,566,54453.03,3102.59
16-08-2022 00:00,2.79,20.67,456,57856.02,3098.3
17-08-2022 00:00,1.42,18.96,282,64135.06,3663.33
18-08-2022 00:00,2.46,16.13,61,65871.05,3920.96
19-08-2022 00:00,1.33,17.29,303,58890.82,3694.92
20-08-2022 00:00,2.04,16.67,529,62808.83,4356.59
21-08-2022 00:00,3,14.96,442,74176.06,4178.58
22-08-2022 00:00,1,14.83,386,66097,3821.22
23-08-2022 00:00,3.88,19.58,431,61514.05,3654.16
24-08-2022 00:00,3.79,20.58,546,59418.02,3720.3
25-08-2022 00:00,3.75,19.88,632,57724.03,3458.25
26-08-2022 00:00,3.04,19.46,163,59481.11,3584.25
27-08-2022 00:00,3.42,16.17,405,67848.05,4040.22
28-08-2022 00:00,2.96,15.75,157,71950.1,4218.7
29-08-2022 00:00,3.67,15.46,676,77028.13,4380.84
30-08-2022 00:00,2.38,14.67,603,81808.03,4416.91
31-08-2022 00:00,2.17,13.58,568,85619.01,4489.21
01-09-2022 00:00,1.5,13.88,638,82906.01,4442.03
02-09-2022 00:00,2.63,13.96,616,73249.22,4168.33
03-09-2022 00:00,3.88,15.46,502,75131.01,4287.79
04-09-2022 00:00,4.17,15.96,506,75041.17,4231.96
05-09-2022 00:00,4.79,16.71,404,74647.02,4196.6
06-09-2022 00:00,5.71,16.29,389,80681.01,4202.52
07-09-2022 00:00,4.63,14.88,35,89621.04,4134.15
08-09-2022 00:00,6.21,14.58,54,88106.07,4412.55
09-09-2022 00:00,2.63,14.71,79,82765.13,4329.02
10-09-2022 00:00,2.38,14.42,174,90270.02,4590.36
11-09-2022 00:00,1.21,13.5,401,96406.36,4679.88
12-09-2022 00:00,2.92,13.88,76,96406.36,4583.71
13-09-2022 00:00,5.42,13.96,265,104297.04,4740.33
14-09-2022 00:00,4.17,13.21,122,111469.03,4896.29
15-09-2022 00:00,6.21,11.58,492,114030.05,4763.05
16-09-2022 00:00,4.17,12.21,411,109948.14,4731.85
17-09-2022 00:00,4,11.38,229,126196.04,5142.24
18-09-2022 00:00,4,10.33,314,138198.45,5337.11
19-09-2022 00:00,2.13,9.83,489,149420.04,5455.76
20-09-2022 00:00,0.96,8.88,606,144797.07,5371.91
21-09-2022 00:00,1.5,8.88,570,141922.05,5276.47
22-09-2022 00:00,1.75,9.67,301,143106.05,5219.69
23-09-2022 00:00,1.92,11.29,108,127302.16,4896.58
24-09-2022 00:00,1.42,11.17,325,131427.03,5127.79
25-09-2022 00:00,2.04,10.29,401,146846.42,5375.81
26-09-2022 00:00,3.79,10.08,0,165998.28,5780.87
27-09-2022 00:00,1.5,8.63,2,181317.06,6118.62
28-09-2022 00:00,1.08,8.33,19,179428.05,6029.81
29-09-2022 00:00,3.92,9.79,112,179980.04,5999.02
30-09-2022 00:00,2.92,10.46,153,173538.05,5817.83
01-10-2022 00:00,3.83,10.21,75,163093.03,5717
02-10-2022 00:00,4.42,11.21,372,151543.06,5418.67
03-10-2022 00:00,3.88,11.42,351,144302.18,5260.43
04-10-2022 00:00,3.88,12.5,149,140120.16,5339.36
05-10-2022 00:00,6.5,13.75,0,153404.09,5755.92
06-10-2022 00:00,6.75,12.58,286,145838.05,5633.51
07-10-2022 00:00,6.46,13.25,91,156223.26,5911.21
08-10-2022 00:00,3.29,9.25,328,174193.17,6381.45
09-10-2022 00:00,2.5,8.96,434,187645.07,6348.86
10-10-2022 00:00,3.46,8.75,277,197986.13,6458.12
11-10-2022 00:00,3.29,8.79,300,189378.07,6458.35
12-10-2022 00:00,2.46,9.04,126,199624.12,6510.33
13-10-2022 00:00,2,9.83,4,178098.05,5437.24
14-10-2022 00:00,1.92,10.38,261,157095.1,4937.03
15-10-2022 00:00,2.83,11.92,170,161104.29,5122.14
16-10-2022 00:00,5,10.75,317,191772.05,5754.21
17-10-2022 00:00,3.46,11.17,6,181206.11,5597.59
18-10-2022 00:00,4.04,10.58,168,200210.21,6103.62
19-10-2022 00:00,1.5,6.67,515,221277.06,6578.74
20-10-2022 00:00,4.04,7.13,412,201875.05,6038.69
21-10-2022 00:00,2.04,10.33,0,171194.36,5416.49
22-10-2022 00:00,1.75,12.38,16,181716.33,5665.85
23-10-2022 00:00,2.58,10.5,107,171448.04,5389.91
24-10-2022 00:00,4.79,13,47,175419.08,5471.83
25-10-2022 00:00,3.63,11.63,73,187715.05,5757.32
26-10-2022 00:00,2.5,11.33,86,168158.12,5361.87
27-10-2022 00:00,2.83,13.46,116,148505.02,5067.88
28-10-2022 00:00,3.17,14.38,203,154868.27,5085.3
29-10-2022 00:00,2.79,11.88,284,154291.23,5244.7
30-10-2022 00:00,2.38,13.29,32,157953.06,5141.64
31-10-2022 00:00,2.13,11.96,209,176098.04,5453.07
01-11-2022 00:00,6.38,12.46,46,197298.12,6017.13
02-11-2022 00:00,4,9.46,129,216143.09,6562.4
03-11-2022 00:00,5.04,9.75,46,226392.07,6700.25
04-11-2022 00:00,6.13,9.04,38,217957.32,6594.96
05-11-2022 00:00,3.29,8.5,242,212537.22,6466.89
06-11-2022 00:00,5.25,9.63,64,220624.05,6676.75
07-11-2022 00:00,4.58,10.21,157,198688.05,6388.13
08-11-2022 00:00,4.83,11.83,72,206717.07,7047.77
09-11-2022 00:00,4.54,10.67,118,227122.08,7488.83
10-11-2022 00:00,5.13,10.58,9,197657.55,6372.13
11-11-2022 00:00,7.38,13.17,0,187259.11,5990.31
12-11-2022 00:00,2.83,12.13,0,209595.15,6827.01
13-11-2022 00:00,2.79,8.79,124,236483.11,7276.11
14-11-2022 00:00,5.04,8.33,10,250454.08,7514.14
15-11-2022 00:00,5.33,7.88,27,269829.14,8038.37
16-11-2022 00:00,8.88,8.04,0,316235.12,9375.14
17-11-2022 00:00,10.33,5.25,129,340099.13,10141.67
18-11-2022 00:00,6.42,3.33,90,371896.18,11031.65
19-11-2022 00:00,2.79,0.38,100,373142.42,11083.94
20-11-2022 00:00,1.92,-1,358,408577.12,12056.21
21-11-2022 00:00,1.46,-0.33,43,408245.22,11967.83
22-11-2022 00:00,5.08,1.21,0,369325.12,10721.38
23-11-2022 00:00,4.5,4.67,0,336243.11,9869.93
24-11-2022 00:00,3.13,5.88,2,336243.11,9688.4
25-11-2022 00:00,3.33,5.83,0,299997.61,9688.4
26-11-2022 00:00,1.83,5.79,239,306635.15,9245.25
27-11-2022 00:00,3.67,5.38,24,338780.13,10136.15
28-11-2022 00:00,5.42,4.83,0,353009.12,10351.97
29-11-2022 00:00,3.13,3.42,0,355752.12,10425.85
30-11-2022 00:00,2.71,3.38,57,371030.23,10792.51
01-12-2022 00:00,2.79,2.58,85,379683.12,11101.71
02-12-2022 00:00,3.38,2.33,27,387032.59,11360.95
03-12-2022 00:00,4.25,1.21,0,388455.74,11503.48
04-12-2022 00:00,5.08,2.17,4,394595.13,11780.7
05-12-2022 00:00,4.5,2.21,0,378943.15,11458.75
06-12-2022 00:00,1.25,0.71,220,407349.13,12038.69
07-12-2022 00:00,2,-1,206,444449.19,13123.62
08-12-2022 00:00,1.54,-2.71,339,428114.13,12500.06
09-12-2022 00:00,2.17,0,92,420333.55,12461.84
10-12-2022 00:00,1.83,-1.42,53,446020.13,13163.04
11-12-2022 00:00,2.21,-2.17,145,484505.16,14108.19
12-12-2022 00:00,2.67,-3.13,92,472799.14,13891.55
13-12-2022 00:00,2.38,-1.96,33,434585.92,12744.46
14-12-2022 00:00,2.5,-0.08,119,458611.83,13507
15-12-2022 00:00,1.04,-3.88,174,541883.21,15910.71
16-12-2022 00:00,0.75,-8.42,302,489183.11,13968.27
17-12-2022 00:00,4.42,-0.42,114,466308.13,13515.96
18-12-2022 00:00,4.42,-1.04,116,463418.22,13536.45
19-12-2022 00:00,4.63,1.46,0,367289.26,10778.64
20-12-2022 00:00,5.13,6.92,0,365968.69,10663.48
21-12-2022 00:00,3.63,4.79,13,354025.69,10702.51
22-12-2022 00:00,4.04,5.5,22,374604.23,10920.37
23-12-2022 00:00,1.67,1.08,335,427403.12,12265.58
24-12-2022 00:00,2.46,0.33,14,353633.2,10656.81
25-12-2022 00:00,2.88,5.08,0,346151.15,10164.25
26-12-2022 00:00,4.54,4.88,11,392176.12,11315.69
27-12-2022 00:00,3.71,2.08,150,359349.71,10360.37
28-12-2022 00:00,5.67,6.08,86,336897.38,9948
29-12-2022 00:00,6.92,6.88,17,361890.22,10705.69
30-12-2022 00:00,6.54,5.46,38,326394,9605.37
31-12-2022 00:00,3.67,6.96,0,293586.12,8656.73
01-01-2023 00:00,5.92,8.08,20,320898.33,9559.3
02-01-2023 00:00,2.92,5.88,4,360142.47,10527.84
03-01-2023 00:00,3.58,3.67,224,329025.27,9919.46
04-01-2023 00:00,7.63,7.38,0,357579.37,10272.98
05-01-2023 00:00,4.17,2.29,227,350571.19,10190.91
06-01-2023 00:00,5.13,6.08,92,313539.36,9174.39
07-01-2023 00:00,4.08,7.33,0,314377.33,9304.02
08-01-2023 00:00,3.88,6.25,16,332104.46,9717.55
09-01-2023 00:00,3.29,5,94,347264.44,9952.58
10-01-2023 00:00,4.25,4.79,141,333147.44,9591.87
11-01-2023 00:00,6.13,6.67,186,341065.19,9706.81
12-01-2023 00:00,3.54,5.33,30,342003.19,9731.37
13-01-2023 00:00,6.96,5.88,9,341418.34,9725.64
14-01-2023 00:00,5.42,5.17,3,359038.28,10097.54
15-01-2023 00:00,8.33,4.63,59,383454.36,10752.36
16-01-2023 00:00,3.38,2.46,24,395521.33,11048.89
17-01-2023 00:00,3.29,0.79,52,409455.28,11654
18-01-2023 00:00,3.08,0.29,245,423994.18,11979.72
19-01-2023 00:00,2.92,0.13,67,433335.21,12363.44
20-01-2023 00:00,0.71,-0.63,132,442289.15,12717.1
21-01-2023 00:00,2.17,-0.38,247,453160.15,13030.55
22-01-2023 00:00,2.71,-0.67,0,460632.2,13106.04
23-01-2023 00:00,0.96,-0.33,137,421169.16,12064
24-01-2023 00:00,2.92,1.29,169,410068.28,11559.8
25-01-2023 00:00,4.13,2.58,0,374542.24,10708.57
26-01-2023 00:00,2.83,2.58,290,429189.17,12318.27
27-01-2023 00:00,1.21,-1.46,349,428102.35,12338.4
28-01-2023 00:00,2.5,1.17,41,393739.08,11228.57
29-01-2023 00:00,6.04,4,12,391722.18,11076.05
30-01-2023 00:00,8.08,3.33,216,397006.34,11247.82
31-01-2023 00:00,7.21,3.83,23,393764.69,11223.63
01-02-2023 00:00,8.08,3.79,114,380255.29,10719.1
02-02-2023 00:00,2.08,2.42,369,375445.17,10612.3
03-02-2023 00:00,7.71,4.67,44,400195.49,11697.06
04-02-2023 00:00,2.29,0.25,220,400937.23,11479.19
05-02-2023 00:00,2.96,1.33,246,400375.2,11364.8
06-02-2023 00:00,1.08,1.83,111,400126.26,11722.13
07-02-2023 00:00,3.04,1.96,52,402909.31,11591.81
08-02-2023 00:00,3.21,0.92,289,405485.29,11487.59
09-02-2023 00:00,5.71,3.54,126,374439.19,11487.59
10-02-2023 00:00,5.79,4.75,36,321474.23,9337.27
11-02-2023 00:00,6.46,6.96,180,322056.12,9445.11
12-02-2023 00:00,3.83,6.42,0,340659.4,9978.18
13-02-2023 00:00,3.46,5.42,20,354241.04,10122.45
14-02-2023 00:00,1.71,3.42,14,368892.21,10477.73
15-02-2023 00:00,2.25,2.38,0,340905.27,9761.77
16-02-2023 00:00,2.79,4.96,96,340905.27,9480.93
17-02-2023 00:00,10.08,6.67,34,338700.36,9851.9
18-02-2023 00:00,4.58,3.58,207,349947.27,10140.75
19-02-2023 00:00,4.5,3.13,329,350258.96,9951.71
20-02-2023 00:00,9.5,6.63,71,338191.21,9578.85
21-02-2023 00:00,4.79,5,234,342615.24,9563.02
22-02-2023 00:00,2.92,4.75,0,333903.57,9198.3
23-02-2023 00:00,3.83,4.38,137,339445.17,9558.28
24-02-2023 00:00,6.67,3.79,192,363641.28,10551.25
25-02-2023 00:00,5.5,0.79,409,377587.17,11135.08
26-02-2023 00:00,2.58,0.58,464,363102.68,10926.1
27-02-2023 00:00,1.33,2.42,532,341434.19,10186.57
28-02-2023 00:00,1.13,2,541,341434.19,10083.32
01-03-2023 00:00,1.17,1.29,190,358412.32,10413.63
02-03-2023 00:00,1.46,2.13,491,330321.14,9644.68
03-03-2023 00:00,4.17,4.08,376,323980.25,9469.41
04-03-2023 00:00,5.38,2.83,364,349508.15,11031.42
05-03-2023 00:00,2.54,-0.54,509,383681.25,11183.66
06-03-2023 00:00,2.58,-0.54,328,399327.92,11360.5
07-03-2023 00:00,5.54,-0.83,193,409217.18,11703.74
08-03-2023 00:00,0.75,-1.58,484,402153.21,11519.7
09-03-2023 00:00,1.63,-1.29,440,402843.19,11435.89
10-03-2023 00:00,1.96,-0.42,145,385043.58,11125.01
11-03-2023 00:00,3.58,-0.63,371,406140.14,11575.7
12-03-2023 00:00,3.25,0.33,89,354361.13,10044.79
13-03-2023 00:00,9.04,7.21,20,346746.61,9974.14
14-03-2023 00:00,6.58,3,268,379910,10784.85
15-03-2023 00:00,5.54,1.71,308,399736,11334.22
16-03-2023 00:00,5.33,3,3,338794.44,9905.27
17-03-2023 00:00,3.29,6.13,54,284148.17,8556.32
18-03-2023 00:00,1.17,7.83,26,286141.08,8665.85
19-03-2023 00:00,2.88,7.04,7,313949.12,9292.38
20-03-2023 00:00,3.08,5.38,20,323232.2,9493.33
21-03-2023 00:00,3.42,5.75,0,314522.59,9238.65
22-03-2023 00:00,6.08,7.25,8,280146.23,8458.92
23-03-2023 00:00,5.67,7.92,322,281552.37,8471.9
24-03-2023 00:00,6.88,7.67,169,284770.12,8471.9
25-03-2023 00:00,4.71,6.71,33,282717.08,8611.59
26-03-2023 00:00,4.63,3.13,406,347697.47,10291.16
27-03-2023 00:00,4.21,0.58,392,373890.21,10919.1
28-03-2023 00:00,2.58,1.33,316,351950.65,10196.03
29-03-2023 00:00,3.04,4.71,0,312026.31,9234.22
30-03-2023 00:00,4.58,7.04,0,297941.49,8860.68
31-03-2023 00:00,3.46,6.46,10,321347.13,9573.93
01-04-2023 00:00,7.04,2.67,400,321347.13,9708.61
02-04-2023 00:00,3.54,2.71,724,323119.05,9619.02
03-04-2023 00:00,1.88,2.42,669,315736.32,9330.47
04-04-2023 00:00,1.71,2.58,373,321770.37,9116.68
05-04-2023 00:00,1.46,3.83,285,291815.97,8082.43
06-04-2023 00:00,3.42,4.38,493,273477.3,8118.81
07-04-2023 00:00,4.88,5.04,665,240057.23,7618.78
08-04-2023 00:00,2.5,7.54,427,219435.24,7221.79
09-04-2023 00:00,2.33,7.58,445,289741.18,7314.54
10-04-2023 00:00,5.71,8.92,319,224663.38,7248.16
11-04-2023 00:00,4.17,7.29,187,278772.36,8489.77
12-04-2023 00:00,4.33,5.58,88,278772.36,8345.08
13-04-2023 00:00,3.58,5.79,245,262411.24,8305.13
14-04-2023 00:00,2.58,6.96,250,236867.21,7740.79
15-04-2023 00:00,2.92,8.96,85,213521.18,7185.92
16-04-2023 00:00,1.67,9.33,183,193067.16,6673.17
17-04-2023 00:00,3.25,9,780,199141.28,6829.39
18-04-2023 00:00,4.54,8.63,797,195067.22,6596.93
19-04-2023 00:00,4.38,8,779,190505.26,6360.72
20-04-2023 00:00,6.04,10.04,758,168958.24,5898.21
21-04-2023 00:00,4.67,10.33,794,151570.53,5898.21
22-04-2023 00:00,4.54,12.13,576,147637.45,5261.47
23-04-2023 00:00,3.42,9.75,249,182697.16,6032.98
24-04-2023 00:00,4.04,8.63,5,255419.24,8075.04
25-04-2023 00:00,8.08,5.13,101,268885.15,8553.1
26-04-2023 00:00,5.83,4.29,447,262409.19,8467.14
27-04-2023 00:00,4.25,4.25,554,239569.23,7776.78
28-04-2023 00:00,2.42,6.04,478,214953.34,7151.7
29-04-2023 00:00,4.42,6.04,563,226333.19,7509.26
30-04-2023 00:00,3.08,5.88,547,192297.44,6784.3
01-05-2023 00:00,4.63,9.17,440,213087.13,7289.39
02-05-2023 00:00,4.63,5.92,528,229757.07,7611.64
03-05-2023 00:00,3.38,5.75,415,243412.14,8032.15
04-05-2023 00:00,2.38,6.58,84,234387.13,7915.19
05-05-2023 00:00,9.13,6.83,145,275984.14,8810.65
06-05-2023 00:00,6.17,5.96,15,225823.29,7602.97
07-05-2023 00:00,5.13,9.38,522,179891.06,6469.4
08-05-2023 00:00,5.46,11.21,845,145092.08,5730.36
09-05-2023 00:00,5.63,13.46,403,135923.03,5728.2
10-05-2023 00:00,3.92,12.38,306,154797.11,6089.77
11-05-2023 00:00,1.5,10.96,57,134056.09,5670.21
12-05-2023 00:00,3,14.46,610,113122.21,5203.88
13-05-2023 00:00,1.92,13.71,810,113122.21,5204.63
14-05-2023 00:00,2,13.96,278,119583.06,5166.09
15-05-2023 00:00,2.92,12.42,548,163105.13,5729.85
16-05-2023 00:00,7.33,8.33,57,201094.12,6568.63
17-05-2023 00:00,7.46,7.13,268,180374.11,6055.49
18-05-2023 00:00,2.75,9.54,647,146719.1,5349.25
19-05-2023 00:00,1.88,10.63,700,126858.17,4879.63
20-05-2023 00:00,2.79,11.96,795,126858.17,4558.04
21-05-2023 00:00,4.13,15.25,483,126858.17,4264.97
22-05-2023 00:00,3.21,16.42,133,128584.1,4876.33
23-05-2023 00:00,5.67,9.96,42,135986.06,5247.69
24-05-2023 00:00,3.25,11.83,548,131069.11,4771.54
25-05-2023 00:00,5.25,10.33,923,138584.14,5145.31
26-05-2023 00:00,4.5,9.83,634,130178.18,5224.1
27-05-2023 00:00,2.42,9.83,889,130178.18,4890.01
28-05-2023 00:00,3.5,10.58,590,128584.05,5029.87
29-05-2023 00:00,4.42,10.33,872,110985.11,4541.26
30-05-2023 00:00,2.29,14.13,780,106441.03,4535.63
31-05-2023 00:00,6.29,11.42,709,110116.12,4561.95
01-06-2023 00:00,4.54,12.58,733,104021.11,4603.07
02-06-2023 00:00,2.63,12.67,780,103219.1,4528.56
03-06-2023 00:00,3.33,11.46,857,103219.1,4559.23
04-06-2023 00:00,3,10.92,487,111776.07,4738.77
05-06-2023 00:00,2.08,11.75,574,106776.12,4682.02
06-06-2023 00:00,3.25,12.08,750,101357.06,4570.59
07-06-2023 00:00,2.46,12.79,619,97927.12,4502.89
08-06-2023 00:00,3.13,12.58,798,93050.17,4343.39
09-06-2023 00:00,2.38,14.83,721,79820.08,4044.67
10-06-2023 00:00,4.96,16.58,912,77820.06,4081.63
11-06-2023 00:00,4.83,16.5,717,78211.05,3969.62
12-06-2023 00:00,3.67,17.54,922,73434.09,3751.27
13-06-2023 00:00,3.38,16.83,947,70415.03,3808.52
14-06-2023 00:00,1.79,17.58,915,70868.1,3487.1
15-06-2023 00:00,1.88,16.25,420,70013.11,3584.91
16-06-2023 00:00,2.17,17.79,459,64614.08,3305.72
17-06-2023 00:00,1.29,17.21,588,66407.04,3436.28
18-06-2023 00:00,1.46,17.71,627,66876.03,3408.29
19-06-2023 00:00,3.08,16.96,302,65776.14,3341.71
20-06-2023 00:00,1.88,19,431,64456.02,3301.98
21-06-2023 00:00,3.88,17.08,243,67224.11,3294.32
22-06-2023 00:00,2.38,18,641,67224.11,3381.92
23-06-2023 00:00,3.42,15.63,443,67584.1,3344.1
24-06-2023 00:00,2.67,16.92,464,64543.04,3333.73
25-06-2023 00:00,1.13,18.88,298,64887.09,3296.65
26-06-2023 00:00,5.04,17.29,410,73372.09,3558.23
27-06-2023 00:00,6.29,14.54,706,73442.04,3658.16
28-06-2023 00:00,3.04,16.13,540,67515.15,3234.53
29-06-2023 00:00,3.21,17.46,24,73189.21,3557.04
30-06-2023 00:00,3.75,15.21,523,73603.25,3617.92
01-07-2023 00:00,4.13,14.75,21,79804.05,3840.12
02-07-2023 00:00,7,13.71,337,89603.1,3994.98
03-07-2023 00:00,5.71,12.54,402,95508.11,4155.45
04-07-2023 00:00,5.38,12.5,252,110749.05,4514.94
05-07-2023 00:00,4.5,12,68,100897.16,4343.26
06-07-2023 00:00,5.25,14,446,84005.24,3998.08
07-07-2023 00:00,1.75,15.83,818,69766.26,3690.32
08-07-2023 00:00,1.67,18.13,937,61416.04,3373.65
09-07-2023 00:00,2.92,19.96,729,62836.09,3301.58
10-07-2023 00:00,2.83,16.75,307,67218.08,3350.02
11-07-2023 00:00,2.54,16.63,92,68931.03,3306.82
12-07-2023 00:00,3.29,16.13,310,72126.14,4024.09
13-07-2023 00:00,3.71,15.17,447,72371.16,3607.88
14-07-2023 00:00,2.38,15.88,484,62324.25,3366.85
15-07-2023 00:00,3.75,18.75,224,64110.03,3481.76
16-07-2023 00:00,6.5,16.54,276,69952.09,3952.71
17-07-2023 00:00,5.25,15.21,348,76352.08,4428.67
18-07-2023 00:00,4.08,14.13,500,81903.08,4093.21
19-07-2023 00:00,2.46,13.17,295,85709.14,4094.21
20-07-2023 00:00,4.42,12.96,325,86018.14,4234.57
21-07-2023 00:00,2.83,13.25,360,81586.24,4140.55
22-07-2023 00:00,3.21,13.13,434,84699.05,4179.42
23-07-2023 00:00,3.46,14.54,0,82640.09,3930.53
24-07-2023 00:00,4.38,15.88,200,85185.08,3799.3
25-07-2023 00:00,4.33,13.33,423,92718.04,4390.13
26-07-2023 00:00,4.54,12.75,326,86574.15,3857.16
27-07-2023 00:00,1.75,14.75,363,75928.14,3532.93
28-07-2023 00:00,1.04,16.92,726,68176.27,3377.02
29-07-2023 00:00,2.63,16.58,139,74260.06,3693.63
30-07-2023 00:00,2.83,14.38,334,77741.09,3658.94
31-07-2023 00:00,3.13,15.38,380,75545.13,3713.73
01-08-2023 00:00,2.13,14.75,146,81874.02,3708.83
02-08-2023 00:00,2.13,15.08,295,77416.17,3666.93
03-08-2023 00:00,2.75,15.88,180,84003.14,3704.92
04-08-2023 00:00,5.25,15.04,125,80203.27,3567.45
05-08-2023 00:00,2.71,15.38,565,75690.04,3577.96
06-08-2023 00:00,3.21,15.71,32,93156.13,3865.04
07-08-2023 00:00,9.21,13.54,8,97451.2,3762.89
08-08-2023 00:00,10.08,12.88,387,114974.05,4341.6
09-08-2023 00:00,6.63,12.13,67,108356.17,4315.15
10-08-2023 00:00,4.92,13.75,364,87206.13,3872.81
11-08-2023 00:00,2.75,17.63,247,72692.27,3562.26
12-08-2023 00:00,1.75,17.08,51,78133.14,3719.2
13-08-2023 00:00,3.13,16.42,102,79065.11,3695.66
14-08-2023 00:00,2.04,17.04,458,72243.17,3540.1
15-08-2023 00:00,3.33,17.33,309,76522.07,3576.05
16-08-2023 00:00,3.92,15.46,170,82873.25,3809.1
17-08-2023 00:00,1.42,14.67,214,77467.13,3757.97
18-08-2023 00:00,3.88,16.92,96,68695.19,3413.2
19-08-2023 00:00,4.38,18.58,65,66741.12,3508.14
20-08-2023 00:00,2.46,17.58,479,69167.06,3823.03
21-08-2023 00:00,2.33,16.79,610,68708.18,3298.84
22-08-2023 00:00,2.58,17.13,437,70665.07,3411.51
23-08-2023 00:00,2.92,16.08,167,75821.21,3687.6
24-08-2023 00:00,1.5,15.67,398,67925.12,3369.33
25-08-2023 00:00,2.63,16.67,374,72058.19,3360.28
26-08-2023 00:00,1.5,13.58,192,86604.21,3931.88
27-08-2023 00:00,1.54,12.75,191,93076.74,4256.05
28-08-2023 00:00,2.25,13.25,492,89110.23,4018.14
29-08-2023 00:00,1.46,13,233,93721.07,4332.46
30-08-2023 00:00,2.04,13.5,104,93736.2,4402.23
31-08-2023 00:00,1.58,13.38,152,92371.15,4457.26
01-09-2023 00:00,2.13,13.92,634,86293.21,4215.11
02-09-2023 00:00,3.54,13.75,565,85259.11,4207.43
03-09-2023 00:00,3.88,15.83,193,79409.12,4333.85
04-09-2023 00:00,2.71,16.71,731,78038.19,4170.68
05-09-2023 00:00,0.5,16.5,724,74063.07,4135.12
06-09-2023 00:00,1.88,17.04,648,66772.19,3905.16
07-09-2023 00:00,3,18.29,522,64068.13,3537.61
08-09-2023 00:00,2.79,18.92,589,59293.22,3598.37
09-09-2023 00:00,1.79,19.63,634,60783.09,3685.65
10-09-2023 00:00,1.38,17.21,209,64291.11,3884.58
11-09-2023 00:00,2.88,19.17,354,68011.19,3492.09
12-09-2023 00:00,2.08,15.25,22,86216.07,4306.99
13-09-2023 00:00,2.67,12.21,404,103842.2,4788.05
14-09-2023 00:00,1.54,11.71,207,89760.12,4376.57
15-09-2023 00:00,2.67,14.42,525,79948.19,4450
16-09-2023 00:00,1.83,15.75,332,75305.08,4168.57
17-09-2023 00:00,3.92,17.33,224,75920.08,4032.77
18-09-2023 00:00,4.38,17.46,99,94278.27,4131.26
19-09-2023 00:00,6.54,14.17,107,92311.06,4341.63
20-09-2023 00:00,5.63,16.96,54,91122.18,4301.01
21-09-2023 00:00,3.38,16.58,158,95986.33,4310.66
22-09-2023 00:00,2.21,13.83,203,104360.15,4142.51
23-09-2023 00:00,2.25,12.04,254,114074.12,4452.46
24-09-2023 00:00,3.13,12.46,345,115694.11,4672.71
25-09-2023 00:00,3.96,14.38,191,104075.2,4233.49
26-09-2023 00:00,2.08,14.96,222,96535.09,3930.31
27-09-2023 00:00,1.79,15.83,186,92778.18,3820.88
28-09-2023 00:00,3.5,16.21,104,104123.24,4090.97
29-09-2023 00:00,3.58,14.25,17,111938.2,4213.54
30-09-2023 00:00,4.42,13.08,353,123099.28,4557.43
01-10-2023 00:00,1.75,13,40,111573.13,4356.4
02-10-2023 00:00,2,15.46,19,124403.38,4547.88
03-10-2023 00:00,4.17,13.21,39,144321.12,5040.33
04-10-2023 00:00,5.96,12.71,257,141580.2,5048.81
05-10-2023 00:00,4.08,11.67,334,135064.3,4780.93
06-10-2023 00:00,7.71,14.83,7,152991.16,5205.77
07-10-2023 00:00,3.96,10.5,85,190822.2,6121.92
08-10-2023 00:00,0.92,7.08,284,205022.28,6314.57
09-10-2023 00:00,1.33,8.83,6,185218.26,6176.01
10-10-2023 00:00,3.21,12.92,23,161773.08,5404.08
11-10-2023 00:00,6.42,13.25,34,187819.42,6047.91
12-10-2023 00:00,4.29,9.54,223,188743.27,6064.69
13-10-2023 00:00,4.67,11.71,0,200977.41,6310.03
14-10-2023 00:00,7,8.46,209,235871.24,7272.97
15-10-2023 00:00,5.96,7.04,237,243596.39,7772.73
16-10-2023 00:00,2.79,6.13,291,242253.26,7280.03
17-10-2023 00:00,1.83,6.71,327,244611.16,7162.02
18-10-2023 00:00,2.04,7.42,265,273188.44,7791.43
19-10-2023 00:00,9.38,6.67,0,321396.29,9551.6
20-10-2023 00:00,11.83,4.42,0,300839.32,9563.07
21-10-2023 00:00,6.5,7.54,0,249848.37,7449.22
22-10-2023 00:00,3,9.29,12,252791.37,8110.28
23-10-2023 00:00,2.08,8.54,184,256864.2,7597.28
24-10-2023 00:00,5.5,8.54,14,246053.11,7257.56
25-10-2023 00:00,4.29,9.17,13,259308.5,7594.27
26-10-2023 00:00,4.21,7.21,2,278397.86,8477.69
27-10-2023 00:00,3.88,6.21,13,277833.75,8316.66
28-10-2023 00:00,4.58,6.54,0,263306.26,7921.08
29-10-2023 00:00,5.21,9.58,54,249396.13,7587.76
30-10-2023 00:00,4.67,10.25,153,317593.44,9043.71
31-10-2023 00:00,3.67,3,70,354439.49,10006.22
01-11-2023 00:00,3.75,4.25,27,275840.36,8003.12
02-11-2023 00:00,5.67,9.58,91,279185.55,8371.43
03-11-2023 00:00,5.04,8.75,11,270640.29,8168.04
04-11-2023 00:00,4.25,7.79,1,262150.29,8002.49
05-11-2023 00:00,2.38,8,11,259194.12,7808.03
06-11-2023 00:00,3.08,8.29,193,278617.33,8365.33
07-11-2023 00:00,2.71,7.42,99,268143.43,8237.08
08-11-2023 00:00,3.75,7.92,194,269057.19,8345.51
09-11-2023 00:00,1.5,7.21,11,293333.17,8892.83
10-11-2023 00:00,2.38,5.96,110,291411.41,8696.49
11-11-2023 00:00,0.79,5.5,21,280273.34,8545.79
12-11-2023 00:00,1.17,5.21,90,317395.14,9296.23
13-11-2023 00:00,4,4.83,28,324080.29,9408.81
14-11-2023 00:00,4.25,5.21,0,351268.47,9914.07
15-11-2023 00:00,3.08,3.63,7,369321.27,10327.3
16-11-2023 00:00,4.5,2.83,34,372186.18,10586.71
17-11-2023 00:00,2.29,2.46,22,353128.21,10802.16
18-11-2023 00:00,3.38,2.42,169,325293.24,9778.45
19-11-2023 00:00,3.42,5.46,0,321458.16,9790.1
20-11-2023 00:00,3.04,5.71,3,352924.76,10391.95
21-11-2023 00:00,2,2.83,8,393862.54,11201.17
22-11-2023 00:00,5.42,3.75,0,324413.23,9141.6
23-11-2023 00:00,9.83,7.96,2,384488.18,10838.42
24-11-2023 00:00,5.46,1.83,127,376913.22,10761.9
25-11-2023 00:00,2.46,0.88,294,429762.36,12243.21
26-11-2023 00:00,1.46,-1.21,34,439386.21,12714.38
27-11-2023 00:00,5.25,0.29,12,482494.31,13673.68
28-11-2023 00:00,2.42,-4.58,180,511321.2,14092.17
